temperature,pressure,speed,vibration,energy_consumption,raw_material_usage,production_quality,waste
73.10890415965768,5.925664644193098,1209.3645469887247,4.36351497104449,78.59979391417964,95.74542081109769,96.52131818994917,0
93.27500072434707,7.709504736891791,1197.5830392576,4.9834069859568615,90.27161646499931,98.93742637500085,88.72434527771563,0
85.61978796339918,9.364729179382042,1725.0036644168295,2.252339493962495,88.00804648950796,114.18189572808721,81.70487938780252,1
80.95304694689628,8.661124432047806,1199.636959879605,4.1243704980349944,57.69499523468868,93.60017544239568,91.05130934160907,0
65.46065241548527,9.03280573930725,1217.5597809029048,3.8587299157187434,57.462473487073694,114.78598739248685,96.99152381681775,0
65.4598082117671,8.293916833553586,1607.518609934371,5.164151883941355,63.40871838724567,83.52537723906767,90.3643352033912,0
62.032926425886984,8.461382822589263,1359.791873960432,5.530435302406302,68.05373631705186,111.07193748834523,92.50533463921026,0
90.31616510212274,9.245978257826597,1621.368445564145,1.0607838573869341,70.42277907042413,113.90190532218946,85.27872611198613,1
81.0390254110123,6.248340044295929,1052.2929260515082,4.370099595293963,83.98486084166726,87.27270611349356,93.43758435720716,0
84.7825402228616,7.447124818215702,1390.0569549387073,1.2591789955986452,52.83402160829177,97.21386129488802,88.8362392978704,0
60.72045730035308,6.106047209098011,1026.8908801466262,3.7442933253867796,51.73363521130332,86.61999098654623,98.21842209606127,0
93.9468448256698,9.938340039983235,1050.1225627642837,2.438163645218391,69.59552814719545,108.26416515976871,90.65753202339431,0
89.13549242801476,9.720296698433067,1725.1499626755287,2.5338829976107062,84.85818460689902,101.41391072246627,76.60699285241175,1
67.43186887373966,5.197134056842529,1111.3962968940762,2.7647925172617827,59.67176714782413,105.41293386833284,97.56393221134431,0
66.36387385224852,8.527875862578442,1425.9365458201737,4.106462245248051,82.0752240628126,87.85947867824845,88.03333534662347,0
66.41915784487018,9.62624158707833,1328.8764820805652,2.670249828343846,62.991406897014976,88.46983448209679,94.95550505273238,0
70.64847850358382,5.902876725636668,1277.874661007074,4.663495252951402,94.30430544067582,81.65989302039625,91.86002266015566,0
78.36647510712832,7.839726152763147,1719.8666765498178,3.0226369278693483,94.78449721333082,92.88270140782919,81.17806119110723,1
75.11807565247405,9.57744148794021,1017.4587174203916,1.341766001549793,64.86436021406632,102.389786453347,94.48323623582894,0
70.19301990693147,5.169729892928994,1531.0317489404713,4.918799212420536,61.49968769816203,114.31739655989315,87.05671384107845,0
81.41485131528329,8.4871013362342,1770.7155473708403,2.42879162296353,70.56519860331156,106.67709789834723,87.68558997637004,1
64.88228512282146,6.486745036862754,1448.1345467694737,3.1638343979963133,62.026579259007434,97.41585293599006,89.02692332657168,0
70.22506269873264,9.621980976882652,1749.4579696264734,4.427219416109508,83.61919216458517,118.12480457576551,84.34267019774249,1
72.82266451527921,9.85529122582684,1041.806303428819,2.66228078574356,91.30323422741428,108.76980802303328,91.34058739363992,0
75.96244944759626,9.72133244556717,1335.0346552593292,1.2829282807335782,83.65460654556085,117.206608114502,94.60271058891152,0
87.48115864875547,7.371071083287319,1208.1262327696409,2.8696052350640677,91.21752236246748,101.10351893088662,87.60910462578825,0
66.98858237554259,9.310213254946568,1584.6567719845839,5.722242913471517,69.84960811037371,90.35617099172558,87.36868178634919,0
77.9982053444764,9.22274699267535,1785.0376723977975,4.20867198649279,57.815848535443045,82.11306745458887,85.09699453454046,1
80.73450991017148,6.595502366216278,1205.2240499553982,4.357395743336035,86.89754736987962,109.04339405935403,93.85785428498879,0
61.62576444519992,9.144577370753387,1523.3396811792595,4.161410768188199,68.0237252570777,84.85211992022137,88.6431885582806,0
81.26406981655035,5.185038173577463,1158.478106207792,1.994960694797184,83.56354126145663,92.11100513087868,89.73836780251274,0
65.9683443290552,7.981349392410265,1452.264203657288,3.0916693205114005,63.53219709908828,101.2988363153559,86.97168675020906,0
62.27680575448478,6.150044186438516,1371.145989350669,4.754698991816591,54.06148174033363,102.5766635111899,94.63314212673521,0
93.21099380386667,5.6028344288863945,1777.6042637052296,1.5068644877657957,99.62908977438818,104.02332787948544,80.72381735483451,1
93.79712115760958,5.384766008146046,1486.8218181571733,2.3892638804485613,57.81007539652997,86.65021321398802,92.90876537589092,0
88.29390718407615,8.4814438793907,1279.605097669455,2.381595542329268,99.42104969817404,95.18949619286595,89.4376916822891,0
70.66148192106797,6.699374818840331,1091.2766279103466,3.16009463797253,98.86399662832235,104.68776908467866,91.31540053909775,0
63.418523990223434,8.623833857643808,1120.9974629879475,5.901843704710926,89.69090519540198,118.79275458535139,87.83154878893359,0
83.94815592792548,5.326781703994712,1180.253543960988,1.3375127334191097,82.97114810409988,109.10524550798755,96.5341916403041,0
75.40533728088604,6.576451689153052,1200.7733290722383,3.5935049719029752,78.89035251255423,116.90415028375831,94.13828414735434,0
64.27133821956726,7.697456461876686,1680.4928462729104,1.8968234100610522,93.30507726889174,110.48848233256709,85.337126678345,1
77.33119185389445,8.953615824194818,1448.97823062602,5.853382727048721,64.4719760809744,103.66867875569602,87.20537472652869,0
61.203598239032644,6.59376251466035,1418.7127290994931,1.566517523637321,73.38406062424386,87.68093476545378,96.40368781156444,0
91.82621407275738,8.129456882185046,1091.815097495374,3.018005011807956,80.9694984683251,106.66742607570052,88.84634444429452,0
69.05729935600058,9.429888741180935,1688.111754679548,4.68942492417303,70.55952379347455,104.93518263839628,86.59290880785751,1
83.18827995238937,8.079315940911522,1578.2514425667869,4.522772140137226,71.3743227045134,104.09876681829066,83.44337184712363,1
70.90988766312938,6.1647973737681685,1054.1346895200013,3.1136431844696615,66.51423337510423,99.59143471952963,98.41059708024291,0
78.20238074122338,5.12200390778269,1566.268077783815,2.732620839763591,78.2115908342268,101.14626415957102,95.07427776597608,0
79.13485977701478,9.350494369504649,1434.830573874117,2.9880618927643527,92.5287264007558,93.37770108472417,84.57243534929619,0
66.46990594339344,5.106347054251936,1065.3802765974226,2.3213813157931966,60.076418900315645,100.77250770569214,95.1658280676571,0
93.93546197175955,9.373508363420997,1366.6405132229252,2.026664693533999,96.72165193767208,87.90223622713913,91.97717400132092,0
87.12964881763901,7.6446856701360595,1387.7570297040374,3.41519848779445,84.45438268741148,112.20697589441508,94.66392893786295,0
92.88246295474661,9.695338492564481,1132.6196321306206,2.3426687803380366,91.1636606340015,87.43107818794832,85.78573024991515,1
91.31895726496771,8.993916178868327,1756.558517600226,2.4373083244862506,77.80953463150058,83.39865159557866,85.21063137850126,1
80.92649925838798,9.989670552666688,1679.9802971845295,4.283780317372785,88.97583507120316,97.4498410542863,81.96667673808463,1
92.26559822580909,6.753559077258551,1535.2178698632865,5.842686658499461,50.81001986697336,106.33229758024248,93.22864340811796,0
63.09723757181718,8.835941444655635,1369.8364488004859,4.018186002796876,90.91902123897677,97.50867299734165,90.09020983303672,0
66.85940018467008,7.00965456804621,1329.4124332676067,1.3848973353248315,52.006942954268325,91.07016527805234,94.4000179790927,0
61.582955111868834,7.399378101519544,1520.7787737207632,1.377918069270335,94.49566881814312,102.32684735561763,85.16049540454001,0
71.38656157671426,8.13752731609185,1436.3454955255243,5.75711610422783,99.59813736193217,93.880093416488,82.54949865694549,0
73.60370513913188,9.368385570931693,1049.8184847055086,2.486453951536668,64.70337310883889,117.31470760506532,96.9016616070566,0
69.49721611208636,9.920417345996476,1410.0021190162654,1.4603349304123772,60.51592781428968,116.90580558414288,91.25917785816794,0
89.00581282031753,8.84136706932259,1645.1228937862716,3.995222935751908,88.26816819290204,100.09487279888381,83.6692108079201,1
72.48636643427562,7.088833910836669,1367.3919020775666,4.11824389145133,62.651317046012664,93.11535976073034,93.59910171639511,0
69.83270783905833,7.106785011385351,1041.5652620434148,4.242524100593441,93.27811915861017,109.48529655826556,99.06510262001854,0
78.9943629105387,8.687911507944458,1629.0225595072266,2.3370101392877065,55.142129607873834,81.46851773932266,91.3261285061306,0
64.93234787411669,6.1938857288415115,1161.0910257087794,1.0755534210723752,56.29775981896791,98.99076024174605,101.46278199426656,0
88.0768943263914,5.5523705656569735,1206.896667910431,5.825076847272359,98.95757775503077,93.45293577081334,86.71547936197929,0
62.609272528791976,6.773110788203883,1131.7650827458367,2.2544652284555124,83.69194491350024,116.82143540410219,93.89438577245836,0
94.5410427810181,6.436194958270409,1264.1720518971981,4.380131440262737,92.34436122144764,80.4801210909073,88.75807220909611,0
87.02856692538302,6.48154060227995,1605.401204550908,4.533149349393548,66.2164688675759,102.11259502873396,88.46171158581195,0
66.95504885369604,6.168038755249549,1415.5086876031498,4.050037085397428,83.82418747603022,109.62654324266504,94.36593570125319,0
60.19327409932608,5.21046594818181,1163.90501932057,2.5645369710682413,79.71209136542986,99.40071950096166,97.24231669060053,0
88.5411499959192,5.089369673667069,1702.2640625216327,2.355481268820329,80.15750600614734,83.41612120650886,88.09066946586245,0
84.7400070346666,9.938611948680158,1703.6654839612233,3.9883414135135156,84.12662297688607,118.8984556011161,80.40975730558722,1
85.51525088143455,7.138865668679312,1696.4627400368054,5.330478168058457,78.76795865645494,100.72041725504391,81.88099801390148,1
86.9944621340081,6.921633235798408,1191.0369691052315,5.733668644616978,71.4531184651333,104.56744977276045,94.43770874143718,0
62.59156281069316,8.39823641346535,1360.9914753447906,1.5295290220187883,63.79613471902734,89.46439130830029,92.90480714774988,0
72.54630049904954,6.091269439325321,1787.9917249127002,1.7741430629885993,88.4290665456601,99.33992340427216,84.40510934535972,1
64.05541708337954,9.749805919751127,1617.6099810479923,5.723681293915398,61.313621500159314,97.16597967833287,94.10735550419501,0
90.20861990564578,8.93172507207776,1021.7339369804479,4.682676141673963,84.61771530772072,82.99583368007934,92.41310652611163,0
81.81543443896453,5.4470550115612975,1052.1636730083937,5.4149691241488656,61.66664113246633,84.24641414189868,95.23034487525679,0
71.58143086984272,7.087903878924642,1371.1451014498662,2.013163170676716,81.2665084977227,113.49890078475099,84.93856171016644,0
62.22454226001083,9.395591537810823,1727.376164689248,3.937929355547009,87.35391335645144,89.5927980882636,86.21046521879666,1
70.88438126004817,9.72366011145705,1430.9614383621715,4.505697972087368,60.93569444532696,87.79833085994522,85.91324456535169,0
71.38141627093614,7.337007556249349,1398.2500064274323,4.400559427234864,52.997165043065415,100.19645805000557,93.65089534054694,0
85.53621624183225,8.067056946053539,1084.3789599653044,3.0407584543334907,56.548687149708705,110.74988525450053,91.70446114882601,0
82.31451149743246,5.835169730460376,1525.4240837794353,1.0769744584565424,80.29984836355128,82.47786074315951,87.97771071944808,0
91.05244599017144,9.955843130684883,1657.6825284801803,3.9146302840213156,92.47232031128678,103.07231678553023,83.58790535603063,1
76.52752238066823,6.158358506917217,1304.33600600605,2.2655076958980436,52.24984106177122,84.76841771362294,94.37272807107334,0
64.18579860784055,9.713658870675628,1620.489480740262,3.2512712307144516,86.70756295208231,81.45844203302474,85.51985941426055,0
84.96356755280482,8.248233244961842,1771.5813231206494,5.787905075419086,67.0659322975026,82.1097580864887,85.92401649843589,1
86.6274767015914,8.038683974394296,1163.0131673021513,2.9951765882121735,73.92641849597612,113.36656432833766,91.77212590957078,0
79.64470191493237,7.563442555082543,1418.663704955793,5.199008033322134,96.44297749227829,84.71889934512247,83.17845802816005,1
86.98385129840963,6.153349058588793,1229.7103664676604,1.9427030287462557,66.59857523679227,81.80605457649168,92.52222446034173,0
77.28284587275368,5.882640160027542,1634.2835352270715,4.362302490125144,73.2668466969743,97.51599548571649,84.66323523925891,1
78.2956490283698,6.102431045350877,1462.074692704926,5.885034772194717,50.68412073803405,113.75973887768099,88.51481910673648,0
74.96393564254923,5.932191310721272,1507.665934040243,1.5094655043646839,54.079936000241915,90.49633505957208,95.44023263946828,0
60.889669436043334,8.897922367833766,1638.3313276927151,1.04159971113596,62.9295795567392,96.86850470103666,86.42456872913012,1
63.77619994476566,6.7506262958336505,1316.7763781299639,3.1679139631630715,51.392612041053724,81.59690130255005,95.91837015503017,0
61.1000214990357,5.289213382816982,1732.0720547256346,1.463127415256836,81.56876630241254,97.96314056539504,82.57747648337994,1
82.27436439423232,9.845513150704058,1426.4230937969119,4.741921748381157,71.31991784008113,103.10452322548535,89.0560998989712,0
71.00245933767144,9.41892942481713,1126.3638582682784,5.572743319242795,77.4072601364011,102.8362821500858,97.32934972803011,0
77.7999741907646,9.638761415976065,1556.719294535042,3.170104863543794,58.732359294816476,93.2970676869746,87.44170183863528,0
91.76482658741325,9.974539113232176,1634.6090803506036,2.2935582107772046,64.79660147183081,92.62132722652542,83.333367546983,0
68.72522802021062,5.869476246097436,1253.4093416540213,3.172016595033049,83.19122374263625,84.26494475746392,96.3878505974274,0
74.36340230624704,6.981210094513294,1685.7434055990025,4.617239089250005,98.26513618151999,94.67193282585073,78.25047655658209,1
86.44428984900671,8.791192378520456,1724.9146038126132,1.045270807901855,52.52083868011046,83.97978675491859,86.77005823977439,0
68.00793579220678,8.480103090268962,1221.523589902247,3.947269947423486,94.5192160427633,110.66383778848206,93.43238430764698,0
62.69429684400775,5.769479531699275,1786.8171781721776,4.066458424436895,78.84406006556043,118.65097190992743,81.88716849378748,1
70.14130085198188,9.079165624953088,1112.5692224390068,4.1884412344796775,78.19597833778118,118.80297826666828,89.42465736333116,0
65.64274505389015,6.122202859183304,1161.612534721992,2.2101103999043863,75.01392676038802,114.60284397501576,90.49628173583494,0
92.53941783199005,6.119088074113115,1147.379871390421,4.570263616890633,53.46970429520917,104.03168597358476,93.18562543760181,0
88.2842132847546,7.684872114467067,1715.1917680062963,1.456957431658882,54.493842586808036,108.0346278897552,84.35766502155045,1
82.16913147786482,7.964699674208516,1523.4340418599695,1.9963516823340042,80.0456002829543,91.40823210721656,97.73028081308068,0
90.50112065657012,7.900431039189056,1121.6834265778184,5.38735023327241,67.04792857177792,105.23081680690483,92.14482269804793,0
88.128522691469,5.457434186988774,1352.258734694679,4.693615753632832,95.86340332888403,98.2259819775951,87.18628935883778,0
66.52995206101126,9.387304313151901,1492.2384200558417,1.0687277700567264,70.32952686797361,99.2806935910773,87.74940781630195,0
91.23956494714922,6.328000212943531,1066.7712679915066,2.241881301849001,57.164072935132054,110.31106241500632,101.48147025966404,0
78.87697846704778,5.647574606414021,1705.933094725871,2.0720324149658227,85.7359416751018,91.27673422389006,78.6947162569437,1
88.2604054307422,9.443740399344886,1642.882828353228,2.354031640184863,64.6676710720505,92.7215844677808,86.49974826931967,1
91.36319549732227,9.778257491148768,1404.1654188613106,2.237798851399432,76.27351536779466,116.98567164514546,86.54974996547004,0
71.13012162401523,9.310638086327252,1773.7012922073363,1.3126314787142288,84.8916392752585,82.2489717940389,78.98417005541592,1
63.851817358468686,9.04758037362439,1334.2087834200797,3.294702582984102,95.01320556010353,99.42537193653362,81.47779636568127,1
67.97773068896797,8.27620990319511,1787.2882552291983,4.663667373930826,89.6095597400838,116.51203201631446,76.62788472346729,1
74.94877260191898,7.754286853045697,1534.3359990429017,4.033658623587182,83.8180533936362,104.41452031272628,83.96329888247637,1
88.63051680728725,5.434933799557051,1507.737018603153,4.364358342990399,83.98165911975718,101.85628296848529,85.73143942636686,1
90.12557041397201,7.042266065353493,1132.7639162366281,1.4057458926811957,97.29623220160433,89.9897671691742,90.81153553291173,0
60.243324568591675,6.86344258506157,1705.5422066437152,5.757453550883936,64.7912048748268,93.73101956257793,89.74379319485541,0
77.87615559021481,6.298768918801631,1341.9917503364923,5.192459169215124,50.05560470980937,114.08193663218772,96.21377579275563,0
74.60938511020727,8.617100568442925,1129.7867246259834,5.025451592478314,63.59772796990993,102.36872527073832,94.92389447632722,0
67.77377336647555,7.479378675393854,1010.0860159806073,5.114919025208837,60.8945689813372,100.5896877502712,95.84157396699538,0
64.1952878566789,5.40523107953824,1447.804546910706,5.663552540663806,83.0917292556999,83.98318854160115,87.66261999958967,0
71.81653099912698,6.1009160097490565,1421.9196976981411,3.7212698305684886,81.68557998827646,80.64112625820492,91.37058609199134,0
93.00183963693817,8.41629381829798,1575.482897895327,2.0014100893381297,79.67306913523619,118.54740754748197,84.37564524106014,1
71.31210262072644,5.380654297451501,1712.2064424142418,4.083918039262706,50.812172160472684,95.07944669147366,85.98718600046921,0
78.15767176101781,9.256034570243845,1063.5252677144235,4.7144074683396955,86.43890272253238,104.12852248398018,91.6018263750707,0
84.60566356133123,7.475732635069871,1585.1971922722898,4.689586966770127,66.17652062427457,83.1886029274914,87.06831120700025,0
72.7270360832753,7.40293288663324,1149.929555278066,3.6072451208344005,83.25279945033157,107.32457142892187,85.5799407869002,1
94.01237289523363,7.9620389232975874,1686.5416425257313,1.3422935966678904,77.82892142510767,117.30266834823843,82.43234051995184,1
93.6856553229739,9.123404829625745,1655.250811089325,2.8555646921506392,67.13654627139536,103.02661011989679,88.71998735394146,0
68.81238035388775,6.739046039510965,1432.6350039884355,5.603833042316786,56.72881335520539,85.04461289501643,88.30134618465887,0
77.40369770623349,8.390080762795318,1568.1942388986492,3.92224454878713,54.720944883024046,103.26886109893907,92.29765046047737,0
70.53074084358694,7.828659819978956,1251.4800905469988,3.691659716278567,91.57591665561118,110.6538885241861,90.94835181158305,0
69.96941730321137,6.335141350847106,1376.9343191462517,2.344267571910968,95.9198771040779,96.25666146296075,88.68197851424651,0
61.291043157408645,9.39314993177579,1657.3095181683773,2.8422445995828944,82.48940233821497,115.19350991765872,86.06887683913178,1
81.33475168929638,8.987130108034641,1367.412157738571,5.476730445765846,55.17170574302417,105.94731813429458,90.48120812989896,0
77.59376581301015,8.292259173292127,1286.2386122603534,4.3323152376341785,70.10136084441203,115.9699567315681,90.12069640460604,0
61.80175629374963,9.252908645471209,1395.36995780024,4.936935133761664,86.44696000525786,104.9402124498935,82.34431541901324,0
69.7526262482814,9.336471004799012,1662.5994019497748,3.2717271153382756,88.99104420050341,85.25151888019298,84.97848573727808,1
91.78930600883288,8.541814883575174,1268.1664378966982,4.15123609728079,55.91093111455443,92.38766844420756,95.04707861254246,0
68.38466617334403,9.18506664181836,1139.0092745085951,2.2419180437160375,50.00153594226912,88.07179793009828,92.36889163958223,0
65.07132052319281,8.487357308346418,1569.6112162646245,4.5273041514174315,85.60685229403025,116.3530599086745,82.3736146838796,1
77.13084660971471,8.400703858801503,1660.7825701664656,3.1380066685166863,67.82980879931029,110.4160026914993,90.64544171894315,0
94.49776589387102,8.093056891075921,1080.5099828188268,3.2127275740737278,62.72406658091301,107.05593475640023,94.50021912407242,0
68.47193450290251,8.763583197788206,1191.8992902047557,4.246611622884409,50.644873489476275,92.03865278526487,90.02385186193507,0
83.52474415920575,5.793025526465368,1113.5775918087952,5.681403107344633,77.01497033807499,87.36179088200853,87.95283442165713,0
86.65668653650512,9.404353795994641,1278.3531292657333,1.3200317330431046,92.55753677129908,110.25804351955648,88.01076211498078,0
68.31731403973399,9.359217638726161,1360.2807831243301,5.123716186735038,97.8815823136294,98.96631783516318,89.48189899975188,0
85.48757220141508,5.146236415172796,1599.061069570645,2.4619155520609657,78.28724753066446,89.03158208602517,90.33820664135006,0
72.87240964517386,9.129083752823814,1520.9180679053393,3.219597272531889,75.7230663869947,104.664879126611,86.31799422732323,0
82.13070407077528,5.644349337367226,1496.742853982745,1.109566643875045,54.252819274462055,81.61335408553808,87.69095366745488,0
82.17353987663131,6.67559427129571,1281.8999572877235,2.5052303891715653,77.44364007712998,93.04681016513014,94.35683378122248,0
78.75211394261655,8.71754128145804,1673.158042467808,3.513156213150652,68.99895394826973,98.74227978364539,87.86503497822821,1
63.16014195190429,5.803799480241541,1377.0297339185317,1.280880386737195,80.35676404417885,85.91833336437624,91.49646596042939,0
89.23558734562333,9.08983512059531,1783.2839504121237,3.4554786469158256,69.43631739382734,119.38617910363358,87.89919602297951,1
71.22730227401075,9.16067088978871,1507.3137106365893,5.635553144292136,62.01495617251834,88.36389458358457,87.38198786436243,0
66.5281478639949,7.537338668804181,1101.0117932516023,1.526966090539026,54.748263761418826,85.21412520173062,97.97747907202414,0
61.427129954416735,5.031929358584168,1540.942049660347,4.822203640377522,65.74592222944479,88.14139495547586,89.73402645924104,0
80.68125301158847,6.435190665874564,1260.0832123453592,3.0483552668799634,54.832241714387614,110.76244532638897,90.40424443349985,0
83.71475266447989,8.08463459187871,1549.061757348878,4.27586857262169,58.8448475411992,97.02022637087371,89.79324898404766,0
60.58057401247496,9.905930890137117,1055.7129185299245,2.3011829899261467,99.3668079289773,102.61663759010152,96.86600329021806,0
77.92325704047484,8.159067635083343,1139.9051497407675,1.7974613127067913,72.20517784533092,80.84036627945443,91.11793892505514,0
67.92735213192783,6.299017905320799,1684.589807124629,1.8023130713561322,76.59358832525083,81.37725234293258,83.82500766675236,1
82.58104766433075,8.170028515498057,1181.743645618812,1.3524597282157234,93.68092643686077,97.83302199308065,92.34256403475658,0
66.1028250151747,7.699926898579277,1669.632900194352,1.928233524506215,99.77844502453439,112.66620972806494,81.2665557392343,0
84.1828208335863,8.899226975755719,1223.4208707635285,4.321096924944841,79.13572246723407,115.40955514830262,93.98761599123642,0
73.5357371205188,5.534903194134792,1514.3055280469662,5.40845305921754,90.62369105220859,83.46826270382562,86.39166991216631,0
92.78554960578572,8.80513951251014,1555.3204588078647,5.070628427955809,66.34705121683376,101.53452408404091,88.54156970721843,0
64.81323304510977,7.7063328933805515,1410.1238025160424,4.425671549372421,65.28719787236456,116.52918745117083,87.91408394244334,0
71.93732228675904,9.814960019294972,1244.248541357385,1.5521593170555135,70.135186049728,95.51891017591545,93.92308111699647,0
63.971573243420615,6.709360830193431,1170.1155010968769,2.445937231479749,83.62536313368246,113.18263325713474,94.111390406137,0
92.3642766397497,8.163109465669741,1026.551483649941,2.5490343766123447,84.10958446275494,85.34782617597745,95.92407258947833,0
90.70687736833433,9.660140527550087,1243.1571209925792,2.249784731988106,65.76197173247255,117.41577958671195,89.89850001208214,0
69.02795697003044,5.512548639953396,1522.5302324250265,3.5750282985486157,56.66049620683143,110.05693270125211,89.43415286650556,0
83.09944161119627,9.686142436182255,1750.6438547587861,3.6777690743983626,81.61981282327542,117.65337571147606,80.25723041376851,1
88.60277700704256,8.439428611504066,1696.9635858104416,2.784429875855551,56.41629310943823,107.06468934210025,84.72635698033704,1
79.43202840598119,5.339185295525859,1612.851821228242,2.76894579368218,78.92462541146651,94.53615727997708,81.67914859449678,1
78.53777024246023,6.504817834734081,1630.7578746026388,5.142777989530407,84.67110640281544,117.5272469009889,84.13646363348137,1
68.46483018151581,8.540860443226407,1531.9879227807962,4.946464241598428,85.03057481972257,91.02267105236714,86.58393287727982,1
63.25859687320647,5.336753007343859,1208.2294860528025,2.5389791584037282,87.67360553297983,93.2869008824693,92.98524854200988,0
91.40255152836644,7.910852300881366,1725.756024564664,5.5689422193662965,93.64297107828322,108.03233672006961,79.11190400865463,1
91.51463200071657,6.729415284764784,1536.585849524667,5.76407508501253,74.99794959823942,110.61265198101545,81.75879225082765,1
82.15855100456437,8.104577588837385,1448.3525047843518,2.633712710150204,86.51245947647857,117.17613935396615,87.20464092670352,0
71.86604268670453,5.228710169062564,1088.7915753707848,2.772124743965274,80.95863676829184,88.19209636224838,96.86682877495527,0
72.22233511144313,9.357684030761881,1357.6444350451402,3.528170767109794,59.33199698988413,111.91992140876896,91.51741570240867,0
85.40844876045838,9.867444845886984,1368.286616961541,5.7056040626683675,51.28448224347041,109.54184213587854,95.59311219158633,0
91.3988590983402,9.844389276428458,1691.650887618136,5.3815971657115576,64.22706928384669,82.55178225014392,85.59728847656623,1
91.0480248492791,8.748259158714625,1437.318576150231,1.512839812917949,72.15168531688097,95.48892564840828,84.85002916382665,1
87.29564410501683,5.65043120065316,1304.3204391763277,2.963653716357081,80.8552972214328,91.31061828240394,93.1652711802563,0
82.47110761540007,8.791315979645113,1781.4402628085275,3.766855948748859,92.49796652516027,92.17961697416122,79.15797447380353,1
62.94489877482671,5.1229345822940076,1088.5764746610525,3.5156623627577,59.81228583530828,119.31787518218803,89.7698473503067,0
65.65700499331149,5.110617757644986,1338.0387426495556,1.9693153396844634,56.277489494923856,105.71109653919711,97.75235602630116,0
91.44939659844778,6.618051095747706,1033.6197401371242,5.294083855840773,98.17399737371638,108.70704631173999,91.80150186282346,0
81.22501708808565,7.443215952023329,1591.9232966135442,4.384703914984186,55.402227968820355,119.06470549260037,90.30351225859357,0
60.32189680658204,8.852037089038966,1734.4612417593205,5.189541874259018,73.92455350535946,95.08807129830555,79.48654839510921,1
63.55150400031113,8.416476883032527,1224.0298636403916,5.293821396747361,79.27818643966509,112.07360673811223,92.67817681804543,0
83.22256191878195,7.229513531883741,1686.6733414392966,4.741779268328699,77.06872104537192,97.38123853217982,91.75870261438841,0
60.17715543461765,6.3681333314083295,1233.7745843695182,3.1960530062485866,54.30160785164716,114.78134687259919,91.22671250755,0
65.62828179961245,9.985622500788555,1728.6161293151322,4.052733775077122,52.85134570018097,87.22630165245212,88.74463041077382,0
79.20568262783051,7.130906511179864,1603.1695228774272,1.8018270305987159,55.274171373051786,117.90744708257118,88.46109847736541,0
84.21633191924427,7.256935121648377,1643.925421473151,4.368227087374539,79.27938419363062,88.75086833643519,83.37710249432357,1
82.81864408259102,5.8181191059583455,1014.4052444803636,1.8962662786964037,77.21724438171606,93.04882027923726,93.0762251485591,0
67.84942583111959,8.974047743749647,1770.2482856592208,4.469747952550784,61.68703960183721,110.24768936427122,84.88910060682687,1
84.92627274716375,8.468411128907443,1581.3367936562586,2.147990803769843,81.88870709227957,95.75020566261627,86.51932603153048,0
68.303718062388,6.103848063943802,1243.8008763089067,1.5877565007510999,91.00337510278247,104.32845507065787,96.97883626111172,0
71.38898943557437,5.411905228079213,1663.5157318870774,1.8264224507147873,52.07894799232969,97.78294004277714,86.04631000652793,0
86.12719917913084,8.402496510373565,1225.216958731944,1.0099606760953512,74.90649717740212,109.69479748359127,88.55983845513296,0
82.7371514666525,8.272556071405676,1698.2030716529025,4.593698089267651,84.46552060513451,89.13325009474443,83.49290125816074,1
89.72281936729622,6.366297634991047,1090.0643123295497,4.662005245291896,62.61559635348436,82.33831948947508,91.86569201406161,0
83.01645123051202,9.75431781125205,1562.9487819686365,3.574666749566297,65.38854526465745,91.99717589892265,84.38287934826214,1
79.8908011167415,5.755289458904501,1432.5587813159282,1.8068140052769186,80.6818951494692,98.97234659473722,88.92609627426349,0
63.27861687398324,7.16167400521301,1077.2275761563526,1.4177716875534487,94.89676467218685,86.72080208770714,94.81970709186446,0
72.87005310708017,9.718079600837994,1193.5150626070713,1.095644832186435,90.49622101514497,94.19189158625555,96.77974738580781,0
69.28208286886039,7.098636584630611,1009.9232290218519,1.8287408848261035,79.15651095497918,95.99932073174274,96.34834398382064,0
68.53963751826792,8.192629738320427,1375.0143723716046,5.454277674915733,86.51108588786246,82.29567374753094,88.07095407213345,1
94.0553694163356,6.987971989813971,1241.0122086080003,2.2076842085084087,68.24112351038994,103.33228992736818,91.23284761452405,0
73.75842036333661,6.37107601174335,1478.6859874382071,2.7713566360860784,82.0482764049379,115.3737371188515,91.5632849051572,0
91.22162943119896,9.91988823979914,1237.7902461668937,1.5267274224066658,73.30907955637785,86.06971651812209,90.75752021666081,0
82.0898519099042,7.046670031575215,1239.9352892055877,2.111806523740851,59.49680682287804,103.91232053606056,99.74784459721222,0
87.8183956239577,9.470496018395671,1594.5545589852827,3.5961228539010257,85.08691369386287,106.58956819643385,85.39620234653543,1
77.59229825868172,6.149773029455431,1038.5142687826828,4.038763415478263,77.82323186744111,96.77338721677154,91.44516653055175,0
80.19163596192257,6.065523520125416,1722.3159961535898,2.226761570831055,67.93107909767957,108.0439034945708,89.79222888880466,0
77.23811928366024,5.1556704144225565,1681.811099512945,1.288660796125586,95.56695950393154,96.42926173964048,85.414249576195,1
66.83350457293156,8.258334126879426,1534.2437465811254,2.955164345636993,51.046705891336664,100.1854915190974,93.86138901995369,0
85.28582403415268,6.842631718618806,1474.5772560859075,2.1710168546316706,65.7886575624748,80.29412178217709,89.47475288536985,0
69.82703268542996,9.321791249198185,1713.8419985117218,2.0977696161490096,52.84406988888233,107.66880456538755,88.67853508378938,0
60.851058825100885,7.366049533457786,1148.2641436229715,5.799314013567276,88.32636581108136,106.45370715778898,88.59247311396891,0
82.59153035675087,9.840967139573609,1063.175329752663,4.08150242962862,85.10537270568963,81.53603509305378,92.07383202726058,0
66.19887377924671,5.927627578515605,1191.6081359276304,3.7843922158604792,66.56761093681585,94.73000429580532,94.36405918112845,0
92.91605045235201,9.343115839778054,1635.6626229601522,3.0788755176166096,83.78314511035364,119.16127363166669,87.81808488267706,1
93.38750019509055,8.882984263958708,1027.7362133811866,3.1447216671507214,69.79686130979749,96.82946250274468,94.52957756413562,0
92.0202536577157,8.85460922322026,1466.2454680667918,3.7045250191904042,87.81268957112172,100.07781620527368,90.40130674583959,0
72.95555450894055,9.22391614058444,1796.350012953048,4.482149035180536,72.7091831368353,116.39720632638874,85.16414355911569,1
60.54098157851036,8.805119954714995,1684.5568750700315,4.510730480909148,70.61398639158328,108.69047503463025,86.86601794760205,1
92.49114969057038,8.131101608157078,1417.1565512348716,1.8584695385272478,96.73649577441505,103.28280524496894,88.19813758703992,1
74.986445191106,5.656224388411938,1050.912727429314,3.5005637603831348,62.543954994535014,111.9121872536429,95.91832085408961,0
93.83291866652843,5.16263089745626,1665.098811508568,3.0597904751705096,56.02236699982827,114.57465065823894,91.99101511966742,0
93.72669919812384,9.604239239078435,1479.1828065417685,5.352634831346921,79.2271556629729,98.27552286949067,86.78332027631738,0
89.85533094135761,8.08325157260369,1091.9463976476534,4.157094606091881,98.46609061420895,99.00433459727341,92.86909721874262,0
70.3057112224355,8.98268645488088,1075.085827858685,3.662520332079909,68.89196068635934,95.44203742607343,98.65618092082143,0
73.47842050106739,7.4076117575627505,1727.7014555492738,1.5769732108945869,53.10183818143908,118.66824560073843,88.3940103216247,0
89.78978350308999,5.586540944811972,1535.3602103504627,4.028189446617057,66.96526336547836,107.88665017161401,89.60900025680012,1
71.09227018046971,5.625928961012752,1663.4294394534045,1.5860195284011671,75.29658271597792,83.32892264832289,82.41100481585418,1
65.93224613401324,8.427826436144857,1703.1831202258138,2.6860328778287603,58.09615033161069,114.51838493252075,86.14789168970417,0
79.48804418604226,7.1515294744973135,1457.4178816386577,1.7142098240716592,82.9051109028246,99.22239763345073,88.55073424950211,0
92.76541709562733,6.002623633501684,1413.957081404033,4.4603682351218445,99.88746945051003,82.7501562568995,86.88003660254752,1
84.36104288362405,7.457972733707185,1344.341928256792,2.031260569180763,72.58697379907218,101.98869020653244,85.13888252204573,1
79.95214095312778,5.3210446853756705,1253.5572702328955,2.95929686594013,67.73642783651063,96.68657115902809,97.93495364365346,0
63.4011772819769,7.909857009571994,1347.6767686869694,5.478373888093893,70.03520834172333,115.109976194505,90.28979623262282,0
81.52525293447094,6.344967022175489,1619.103724584125,2.0215819169948515,55.75730891976006,88.1597841443755,86.45336391120908,0
94.65188475364921,8.987795503185941,1481.5387448121053,3.5390253197938955,94.16368007131119,113.05858437968732,85.6082667731729,1
64.90294053327834,6.551809794617869,1714.018631963877,3.09635830583011,70.7412827760676,102.3075476474181,89.29395458828141,0
78.14153783273079,7.276100745409006,1354.70401150335,1.0906202052286487,69.36372057124207,82.18441212853877,91.92792247257472,0
90.70805751747844,5.058102699540504,1485.671662975003,4.963790567864064,82.98451364652371,118.87381205301938,87.62120811988348,1
85.92690162139715,5.362234438972794,1505.0460424735911,1.3452295315729987,72.10167104655618,100.50460976412799,80.00014128943705,1
84.39555093483438,6.962467782033424,1473.3577298450605,3.3712751048847682,82.41167344039229,91.6350741692633,86.95516627679343,1
84.58694293954882,7.399694173585617,1562.1070184684131,3.8033914746947497,53.07231450653938,98.77627367957032,87.8219759095782,0
72.58219029269144,8.000102740596517,1189.946774699845,4.142132283072936,90.68616718611136,114.31431134069956,90.21768027564963,0
70.27571454925727,6.458312893546516,1409.8910220366324,4.443158146539378,97.02519764397013,92.19612497540254,87.63926380095313,0
88.32764044174797,8.474909430632714,1083.3798422466782,2.266361917613575,82.4382693079693,87.70705585946801,95.13434885492161,0
88.35396881377133,9.300611985946023,1307.60906211585,1.0498938832922469,97.72829644294055,85.16284987723526,88.68552160633905,0
90.34753115030364,8.89925494446675,1390.1336548970116,4.617218311774559,57.571615718498165,91.91437593560845,88.05236427700184,0
91.9634193394765,5.198094126741786,1521.779407636378,3.678282996737893,73.87080947401768,111.20192348160174,91.44531786628514,0
77.89698396013281,7.4025347362891445,1760.4248420689628,5.180588516036244,80.09033669727236,98.86505460781046,80.57886798762343,1
77.55307031405198,5.524650892090874,1480.5208532386846,5.106941814503472,79.08683237105933,89.0992641477416,83.68070770362388,1
87.94033126383712,6.210225079312638,1594.8751329412478,5.216630838939416,70.07308895445216,86.64739998438996,89.8571965910142,0
82.74873757722179,9.933312966335732,1405.0128475961621,3.4254732998977007,66.90422046831307,93.30917906041516,88.29545111480193,0
84.56884070401962,5.712477714507566,1507.283225101065,2.668141979184328,56.34120112752094,117.59697491542835,86.22355025634378,1
87.85274343026353,7.49444076725678,1056.7457729070188,4.95779101295685,69.58712252811391,93.72106850360097,93.59987500458675,0
91.15018696361483,8.090778671590595,1203.5132646734776,3.256470565146275,58.13304075527426,119.5249630381854,93.52328104196533,0
71.82983048980375,8.51232485272052,1289.4824745641108,1.9172109820171725,86.71828382461092,99.40921823061424,93.74784029526896,0
73.14540334239804,7.798243417434571,1377.9946840052107,5.274870097807372,60.4415467747295,87.16655673160604,91.64853457219613,0
63.28936789443041,5.048854237095918,1036.518996401907,5.412799383861737,52.928265264226695,115.64560367174037,96.69277447678971,0
80.23980493486609,6.632306541219959,1112.0192780426542,3.3315487807008504,77.61830689086172,98.41421492539308,102.2997860530884,0
61.25797958288597,7.588558216923557,1221.4514462330446,1.3784986365489373,79.76148663597007,108.38685374018098,89.85373629360353,0
76.29593063463611,5.439332495724167,1777.2261527208407,2.939130449584656,93.59565306402527,119.34846332836608,82.34519678989757,1
78.99256221476519,6.753134656045904,1265.0776056824407,5.017688297313017,78.8490806208841,82.00701401279896,92.02729209327433,0
70.02894382448996,5.166015543956833,1385.632846489666,5.508870142731143,67.2740426861723,83.86778239150269,91.17730205269076,0
80.67916411991538,5.3928924857751035,1156.8781701907144,2.0173637124879793,90.15059407631603,108.81826965851025,94.818221698843,0
61.06750874786673,6.98461638100798,1488.6240568606145,1.3348680601263576,77.01394465937105,91.27300013181888,95.20276795242931,0
61.3071866062225,5.6635787702153015,1224.5465724127794,5.386752265664193,53.96401423155959,87.37205587800396,97.20241219006793,0
88.79101962308803,7.83770424130779,1165.5940627507414,2.9470246948943766,78.29252801566233,81.57447519278918,87.16765302336012,0
72.6066724493942,8.447324845686328,1413.2581027567833,3.708804821337816,95.40092727108312,80.87386847944808,90.6574610198977,0
64.44711794281596,9.002933495545413,1004.4046393283367,5.8403290602537945,69.81563127491103,110.97942412479163,100.13642520273886,0
78.27851410191815,6.00075122122405,1006.1312261193802,1.3328236395711142,64.81629009499001,85.377337094782,94.99354568889326,0
86.94977435845138,5.837412911295349,1175.2550472814862,4.241590037260478,57.173472850901,98.70882463884604,87.3168284662331,0
67.55373596238951,5.522839201672001,1029.3770900006568,1.3705271128743353,57.572276096767865,104.23587260717932,96.83364681071025,0
81.801166653665,8.182151247718183,1086.4206033045532,2.8773446423325018,71.63857421709095,97.13407202275386,93.68754217031531,0
62.98716127478188,8.532378632434506,1271.0885194710013,5.019072725967233,79.78399120807647,81.08426609344933,88.15442413720237,0
61.80886024090127,5.15793072412821,1642.0685436638503,3.167361163778172,54.03077025848009,111.34006010351635,88.5149753270511,0
78.59741210488518,9.68106123121845,1457.6389146954407,5.985911769514752,96.97842945125828,80.42052898166614,83.13904990166091,1
78.92222925635373,5.259856418257362,1410.1341807651331,3.795296424733011,87.75668087225979,110.47559577509936,84.24242285821099,0
82.31004655243723,7.706481676505352,1234.7910585664972,2.6058107631797673,79.33119591418313,115.73217975152491,87.09059478088298,1
85.41319668029315,8.545302597254583,1745.402975546253,2.1005566295237657,91.42193354694953,97.3135968422869,80.35060881280819,1
94.15482278118871,9.354845618730428,1317.6120329897533,2.752602671430809,54.00933784060567,101.42169892391193,89.58800155670501,0
78.07051219054183,8.570434660662139,1069.6742134366173,2.862666368797754,73.84194388665622,99.07933570470615,93.14015199036986,0
71.30347655294361,9.00864041534896,1493.653212894241,1.3435683886198049,81.50465634308317,95.56834474493755,89.46096217580113,0
87.83151681690462,6.69725096271403,1091.0707147812811,2.8478709971338656,91.43264530591446,115.49698141481441,93.53532882141954,0
69.4791287941726,9.074125568732562,1276.1785142413537,3.3211925986961246,89.17347800246338,115.75734042679963,96.57242807508021,0
75.36399972469727,5.400574231923375,1405.9295509742471,4.613688761194023,63.85346248566998,93.43265458566138,95.20157508159595,0
62.74597334697931,9.474083280302638,1699.3780197481406,4.2836474236080395,97.0440084779602,104.60279016058792,84.76201115304467,1
60.88727601954101,7.737961880768681,1394.837264272095,4.543828276145771,56.21729207154352,117.07630248583456,90.45290196847112,0
93.69269451372737,9.086488849812469,1561.8070128253314,1.0418184093842855,93.75668093105762,118.48233995765406,82.35456638721358,1
89.25930421792721,7.261591422591501,1794.2534711992562,2.0883369979026805,98.54701248023093,100.3583616168819,85.74714483043134,1
84.35909721327943,8.217888475982624,1105.1912959183853,4.308421441999283,58.85767616113128,98.11299221137307,97.74747179462007,0
74.31335305449944,7.632013304680566,1219.7852204156156,3.419946840898736,86.10330321018927,91.14777263714103,86.73321889349313,0
66.0653012024796,8.65794760877666,1315.6608604781172,1.0265673783417297,52.01427593889992,118.35487492761641,92.71752055148302,0
65.47529649348802,5.4081499101529475,1337.462542831065,5.022473212159111,70.27114125695775,85.7125721789147,92.73653039570948,0
68.75850143576083,5.301760419952819,1328.8168602124365,4.864047866451687,75.8141649598837,103.19318304190901,92.32545549049632,0
79.22293326471421,6.235516170050732,1726.088802045244,3.742095814967813,79.0322612954817,91.30201070074556,82.97694695076513,1
85.01085729450219,5.797723400565942,1571.226115573485,1.3323166288813606,96.79686241242797,91.16033161391186,87.95917446539039,1
83.1069081851206,9.358917832961009,1486.324171272563,4.832575247662923,83.61253436470973,96.19874349504754,89.85964912628805,0
69.797686393108,6.096069936790221,1247.4981742902257,3.9185679386568197,74.06389756096185,119.95171743262618,97.73298653475915,0
93.4202848232118,9.879326279095658,1659.0323073770357,4.909799885789796,90.48375181329448,82.19865227359288,81.64003971998461,1
85.8263920843519,6.684478958855534,1764.0484091879912,4.7587349619792025,97.52664104772045,103.14167272814126,83.60383838552947,1
79.40239183789902,5.9105895784434965,1656.9586260401811,5.015010359789185,51.10330743411454,83.30288632141108,92.85869874881276,0
81.41022611820233,8.948492535712395,1001.2520841531783,3.5900403320231242,99.12606361280194,86.18083319962076,95.33863712314749,0
74.68600218497265,8.29353887750438,1509.1210961467257,1.7016225909675748,54.306606953184016,97.58251767091595,91.0066882279565,0
68.67058463254051,7.490978582265695,1040.9083051536807,4.3557873668984435,90.71933896343808,100.41840525385766,93.40382954083688,0
72.45904375279416,7.776817754688157,1206.0857762669775,4.102368925259853,64.01673762757062,90.35169633458096,93.47136571490356,0
86.52461386625292,8.596008891361318,1047.6197602782174,4.711265935995436,56.608982887693585,92.65828523497665,102.85059230055391,0
60.50377210204145,6.142273706656494,1483.0363623595101,1.8494050302536764,71.99278198569175,83.47868081023732,89.16859532419939,0
64.06254241774207,9.98166958028371,1549.2719307940854,1.974875999501446,82.19782897238068,92.12879135377003,87.71459910463335,0
61.610092470761344,9.873965810733916,1091.590110452724,5.452047586096643,69.04759225117375,118.66233757522176,93.14855481686155,0
61.425508081163954,8.251628431734684,1307.0711064359837,4.749888992260354,52.72827041413495,117.78829526689927,92.31929551502189,0
89.94112044038525,5.997712254645726,1364.9892071644335,5.541142443501615,79.97305698293583,93.3951316054794,90.34423208931695,0
84.62802507830082,8.401141212156457,1295.2424174087332,4.793576605819604,95.12016380553374,102.83415745115046,87.1328059377011,0
76.59608401805639,5.360992044895879,1096.8200003881545,3.9857765299515093,69.16076829736258,116.38381564443777,98.29799099867175,0
63.42419562278505,5.15326251102903,1335.1582321499804,4.270663685139368,60.81663888154135,80.24735290563586,90.02754528149138,0
77.20655562908914,6.288414442556069,1600.9424382467346,5.445639619700049,72.12886729664078,112.42734281350367,85.57151643438587,1
76.5715119773198,7.313114783696582,1056.8061316266044,3.8940337725597027,52.41813555243904,117.93478211155676,100.57690502446493,0
66.06206544685053,9.341362527041902,1064.1440112655227,4.161956621641937,91.02437922401374,83.65302937334228,96.72241175997527,0
75.18480772332906,8.635845348831541,1283.8170334687875,1.7823835800180028,91.31704054750934,86.45790744131685,88.88477343113215,0
73.94766570390807,8.713532605999905,1753.38056929514,3.369606100580514,79.40002317148142,118.42985211085421,81.48891440506623,1
81.55475343182758,7.127466672240377,1534.8581173783314,4.581985559790494,67.65514444691948,101.50160574561386,83.81891542333406,1
82.22827778036753,6.729674962734815,1542.9359653380518,2.354713491581827,89.98916822228917,80.56786537886894,83.10173482124912,1
61.585640342021556,6.855193814923013,1289.535992670292,2.0112709026226745,77.73435123941836,90.30527995054116,92.27134385679683,0
73.1114415119265,9.938247818680289,1474.9286329668307,2.5691340411220778,91.29661542750081,97.99774697075438,92.60554740761339,0
81.90509704999828,5.200545957062412,1008.1049472221947,2.2075031399641674,81.57293962915102,107.71635644099071,95.72456328210056,0
77.60976905030307,9.335157480612242,1508.8768371276337,2.0745631851819795,89.22027366063986,109.32641512547198,89.3904110221907,1
89.97714444159128,7.893377042861967,1730.6295580609894,3.124254214340435,79.928149660888,119.81686051701824,86.02748776980094,1
83.05427710666308,7.193077095947952,1490.0587746758554,5.53919256941767,70.70705341078332,91.50044797535037,85.62541870059539,1
65.70270494785004,8.626288302075682,1698.9588747730759,3.5352982336935916,97.89729299630687,101.52880407473901,78.6030309916995,1
62.469906159015046,7.433344707123514,1579.178444372875,1.939601904076615,77.05569124394223,101.33294191438421,87.58768878962779,0
82.48467473722104,9.367116190408304,1096.446733122952,1.3848583469043705,80.25447592702692,96.2258103778895,89.82604603248257,0
60.92789586895676,9.503509320056292,1721.9626458286734,4.480780725689626,61.024381970737466,86.76647575369681,86.797823428645,1
80.50214534457122,7.108604634367277,1053.1550754846198,2.913993822181939,81.28253947136382,119.09826252735371,95.73138489864228,0
92.90805844987352,6.384138986175258,1427.173978038211,5.109154732926797,78.5803824741472,114.13268746666344,92.79255790976687,0
80.14159622565576,7.961751642966811,1113.7096990347661,4.2975538432038505,59.241919897351245,99.93332113176949,96.35965779096117,0
73.58594741722827,9.561816728083455,1009.3652885847232,4.9812072527068425,52.979354867657186,104.12981690736119,99.31398094692776,0
82.51508764548237,6.053310945028333,1337.627408102111,2.3597301970922437,80.21796598573856,89.0904421423865,85.2034059711163,1
76.03885116720308,8.114832917817413,1236.032566123325,4.46179461230529,88.18461346751603,101.75148281566987,91.16691554673334,0
79.09658762605773,8.157801100462603,1388.8003950380823,2.320309923468594,76.17006854610041,107.79880532485903,92.0850333658171,0
92.95126830717838,8.665565112076404,1461.7599093876406,5.695342397251458,61.338631265982286,100.60668113546356,84.0492898973497,1
73.5135923230271,5.6578384256362995,1034.9912578471578,4.181871407666872,83.32609883465175,119.61140682339766,97.09633213434843,0
93.641669733837,8.579124823410442,1098.4026360989965,2.6225590008767106,54.00528633048011,104.45366624990905,97.04017116451044,0
91.68727246846223,9.545162603328205,1446.9139171603404,2.3475593114613633,72.09168524009773,94.83894850368677,86.89666191577435,0
66.85268971762538,5.898415544351209,1274.5338825381266,1.9546329253582175,58.16833791992101,110.88608110463352,90.90788132057135,0
62.42764553063079,6.187716624619388,1583.3387900395583,4.473204794468639,59.22295255299417,86.81850046326568,88.36354171972157,0
63.52723004820993,9.856975470208198,1521.833318873552,2.0935780649896367,60.11469745791018,95.38063254825066,87.27442732923659,0
60.63776389780424,5.904884763547448,1676.4834903919254,3.9765163296374455,69.3353528521989,93.87835801510343,87.52782216685772,1
63.305503626457494,9.271925466847897,1553.99426133538,2.3231751346267866,52.55751028101988,97.27228380431109,87.57182949445549,0
83.9052370695725,7.461389282240174,1343.9448619121185,4.309844723969343,69.8896720464549,111.27119303714906,91.9986483138206,0
62.49160269610802,6.236155372015885,1538.373297915546,5.074698642702696,75.58537235573505,99.3669212865363,94.8176494913596,0
71.16414706028165,9.353749506362558,1220.3049394043348,4.8901262157232654,74.16471424831626,111.76057801063851,90.3763150834296,0
89.5706358839309,7.2265262750133274,1245.0507990225701,4.8042566546539085,69.13920502015202,103.05955612559464,94.57072687870077,0
60.81451775075391,7.574086769648451,1631.1881279366346,1.9386120284612605,91.95733040353763,93.6827773863022,84.67207940255334,1
88.50639689061275,6.796166846998828,1357.1356131212658,1.4419247349225937,57.26633462102521,112.3991497473389,94.78228534545762,0
69.864917117069,7.964754257174637,1638.704272414682,4.494744142436928,75.2848371890687,89.53158682212367,78.55057517944545,1
64.13576896675796,5.817619362925114,1657.9378989346228,2.8417360689717563,53.10207084782772,88.97531919199182,89.74129923752378,0
84.38580078774527,6.955407683258803,1686.049870129027,3.1617311320167367,53.55778394389549,100.18011696219344,87.87992227610181,0
82.01299963729593,9.847061611676438,1733.3081886729658,1.1557454639669553,78.69329248385482,90.43396983848356,84.40709523575876,1
90.71152047344685,6.2906671635056375,1344.7881764106369,2.297882246375246,78.30092124439105,80.36348139804865,86.80221299404882,0
85.727486533136,8.28368332270646,1255.093454656911,1.16838201937232,93.90167564222284,105.93190109195206,88.73690504818447,0
88.1218325634697,6.625950321123474,1465.7589972752912,5.3959288630062385,77.89368378300367,100.44375285889592,86.8183807844062,0
69.87121003999573,8.867365628433003,1296.9379387501021,2.2169834160926523,97.98955102024252,97.82071257972645,94.33144711376916,0
66.21038403229029,5.654368303591749,1480.8593334401864,3.7866858478650403,52.43474241999649,118.67874058473262,88.69639489875476,0
86.27151630743003,9.849105225392723,1564.4686901150596,1.194896603305652,54.90038423903705,102.84796735851654,91.25352109537594,0
88.23921587435424,7.268947706918196,1550.7240147937096,4.33423695652829,52.20329307851907,114.53726311157538,89.50918021951651,0
94.66767997002356,6.18025231673232,1299.642309616097,2.6151367287704694,59.263842516677,85.5780094482064,90.77322253362289,0
74.44161869189992,5.367483736650064,1133.4881613590023,5.489595934788329,77.0635055470839,102.7682585251771,93.84247399391475,0
73.02063300274742,5.848789525437704,1344.423470769766,5.440590944670179,82.27860907137139,114.71918506923612,91.43540521119428,0
87.17445362596989,7.598869742780089,1114.075315265527,2.626453091808739,52.27925789743344,103.32423029119592,95.23931851275094,0
71.92812390885562,6.685015882156431,1712.0776281470467,5.504804478452339,97.29854449227997,108.72056712508007,85.89040044301044,1
92.57650639612476,9.144416829413046,1276.701968590286,5.980788367493894,92.10826883251906,94.88174271248829,91.34227636046157,0
90.04444631450542,7.1544376183090295,1123.567797778659,5.127078320619741,64.83062410785466,83.69798068148266,91.47229317471093,0
75.01479095812564,6.24357136293815,1020.3582079246007,5.2243567387761445,53.8593765113234,98.31601180508287,93.68756158521397,0
86.28048737270241,8.08572493302015,1516.6579090291875,2.2450436805454497,58.49435366095287,95.7791756335543,88.74357848175653,0
86.40900059296388,8.533886084427229,1509.5218539637945,3.8835119942887815,56.34722068774863,114.6824072951579,85.96391822839878,0
63.60933540925764,5.835209539504749,1272.4833332650333,1.3362795698368393,56.16418896494734,89.75981209409889,97.67058814139578,0
91.58935173378484,5.838096081441588,1057.369511078121,1.4745896841083486,75.9280844332867,118.66936910140433,93.80610699574272,0
77.68383303567501,5.183357134667715,1327.7031159161857,5.994463060166453,62.29237212467002,118.32552479217985,92.783406395049,0
88.92601131377096,8.682010075328202,1248.973996050715,2.633196247129555,67.90698582645723,89.90526572285755,89.54433621226997,0
71.20173603607141,8.319022638109026,1541.6965117880075,4.740919560244231,99.47526666921613,93.92207821909282,86.71104351777258,1
91.34331299736701,7.373154378749069,1484.6233995621524,5.033325265134082,84.21571244626725,115.82222963495539,83.76522987629991,1
73.6220587556957,9.220852244845986,1291.674982558032,5.290116355036146,97.44903335235007,118.6648888358443,90.47486808449277,0
60.379317801810444,9.028350764750266,1174.3140434039922,5.9881414870107825,57.12782775165578,97.73756411344176,97.82271057812301,0
91.68836917467422,7.926771821983761,1790.4287729244734,2.207482426284339,69.10697374162847,92.83988182563591,83.93847109294403,1
63.19503368751467,9.341356402566294,1363.2012969568918,1.2017541342984985,77.73659016411771,101.04376053006169,90.18200397345714,0
71.17597731566453,6.029206050183841,1550.6193886241897,3.05595758997293,53.8379030944369,107.5107682546294,87.64251147263862,0
93.25216884677818,5.55959809698864,1112.4423740626887,1.6504033491447347,50.209372181397896,90.9389806149992,97.93197290691425,0
93.27125014281447,6.348748057584948,1388.4717597275182,1.1121294458102757,83.52171668984587,109.45892698476291,88.39196166459566,0
80.07032608431501,5.285434280446574,1022.0293758955723,2.8021341357074308,82.09097584007176,82.06629428458564,94.34169097970604,0
82.11430242594298,7.65584764000516,1404.36409432836,4.918691255376182,70.53944049998059,81.97177971057666,89.59920273622411,0
75.69559326924119,9.683028461474807,1771.2139256941618,3.8309034561253545,74.48220380160163,95.45150820582181,83.59311576790886,1
70.26237700943226,5.196717703342548,1307.3653703886403,2.5638899460517703,70.77215002960448,94.13892768242883,87.8747185240431,0
71.50325908794706,5.610549570050134,1031.1968100599292,4.271710027463598,51.200252242244446,92.62532861468608,97.26731024042272,0
83.53814596269635,7.260995141417176,1024.7646327354748,2.1600909015440535,66.76858031087312,99.6407905067564,95.23336120810217,0
86.3331085303188,9.669375087639525,1310.3894079574957,1.0719072303604251,58.85411276986449,92.82934329246285,92.20434467396971,0
87.7052665304047,6.580780524883752,1128.0199491705553,4.821766932182137,54.921209455068436,87.69031673872368,91.83681705880355,0
87.63663499780938,7.536174043441962,1018.6816770625487,4.118715424320046,97.83602169446749,92.37878196354404,92.06240945333114,0
63.192213606704165,5.2078642952519605,1604.9708911601415,4.8115131225048,79.96798625210829,118.9961709124094,90.05998208117387,0
77.30471066459035,5.741716004810444,1366.8184071055125,1.194690083438328,86.43281421183013,96.44453667979394,91.03094267354575,0
62.01455660058255,9.933150614794235,1231.3958175781236,5.185598139153261,65.76818716330587,97.78851107433343,92.50595952035633,0
79.23351088133074,9.825593482180228,1720.0665464131846,4.097631000181517,69.65735647470076,103.0617995980456,77.08816875127573,1
75.4535675480682,5.024699904672048,1092.9111681604204,3.8169767535632007,61.84619969483617,119.33363073656906,96.1369046472328,0
91.06964639654049,9.759058927116195,1764.7350631642553,4.123070240572658,54.84828354827124,89.66405105743053,83.69521882429639,1
72.28202543932275,8.195599689077502,1251.1733739018823,5.322166234341821,58.95158187207919,107.25128442129736,92.60397317486198,0
64.0973455749662,9.33959147260011,1710.7229378469451,3.934682532794535,89.8757022648243,108.63938774166897,90.18122395678215,0
65.00470887184926,7.273699278169295,1482.3543011835693,3.9047518994408965,83.87729025918878,104.29297667172264,86.03693952349238,0
86.65287211011153,7.577980142896251,1661.3658877931898,5.953395785328829,77.34644379927384,83.54313358546577,81.15171998441564,1
81.63763221606914,7.444232901284601,1787.2105305683713,4.78365083534284,73.7544936433384,107.07489103310306,84.8833810938112,1
63.53929366429766,8.334321287730521,1230.7243502549966,3.2114690272556765,96.12171418280622,82.56378844144702,88.16940337687808,0
62.94373821402491,5.698256273781564,1768.9083883260744,4.536985000164639,53.63674738893342,103.84570598199588,89.84692389342825,0
84.5339196010692,5.14986794936339,1311.5855159219363,2.946152358458942,64.0300406618958,109.58324708886971,91.82617902854531,0
62.54670522274677,6.539649707955954,1308.4095237895378,2.144377312417495,67.4968926785357,88.43879562479802,94.23235727832711,0
88.76510207516247,8.523403813683235,1272.3096834036046,3.984259384438797,89.12129061063939,113.66488030171097,92.64507768749375,0
84.71847795047736,6.009267260614742,1433.1260858780681,5.640910490569757,99.62573100809857,81.21415222132018,83.86895440866591,1
62.84720732246649,8.367162166624587,1123.3160345427896,5.645697600077313,62.03352573785765,113.75251454633224,97.7984848709804,0
62.96931999298172,9.849560230536351,1442.969188286409,2.7095263905274516,93.71536670685403,98.4131620257106,88.4485346708603,0
94.53238524754114,5.469503578947092,1433.3638499280032,3.6383873311084747,91.53113802158956,88.70351759726577,86.31600257026147,0
73.09947785146421,8.363010591125631,1609.521450083896,2.0581794928493062,61.23286988208833,85.35112579975872,87.79442285699157,0
72.97247514734119,7.218751096522856,1666.9199695500683,5.978155547494417,69.96662900996112,118.13228670329491,81.47572404092219,1
88.44798485401259,9.340711271887526,1352.3530802499392,5.905589539339679,70.48364346462596,82.90662350324627,91.45251154756667,0
93.15370020843505,5.885748947236929,1241.866599481195,4.247544648537237,98.91103342632792,87.96373679743702,90.39277311085169,0
94.51003723380049,8.463129761130823,1207.4679178536755,5.022070298387367,59.044595068944915,93.91289389732184,95.6734518332477,0
86.36823648406296,9.190576448240552,1155.6990693638975,4.5755008064185,89.9578985552391,104.80939395844482,92.81611278018575,0
73.16908549358206,9.723071097370116,1046.11806575922,3.965791095197341,66.7096357086555,101.79204341104393,97.01026174383749,0
62.922525084453405,8.41624014144823,1273.9583830677707,1.2667399849444885,86.54351728880802,85.02573969649256,92.35189698176875,0
87.20014205746028,7.485873820042137,1216.1981537046265,3.273821712763305,71.00055021478315,91.58911934952859,89.15715407661115,0
79.54414874075317,8.08923620100607,1773.133908693126,4.3739315108370524,78.917988155827,89.55007084344096,86.46661426323784,1
74.84777032364417,9.34452492239359,1446.1670610000351,4.387658069418423,91.63058866630655,88.54171417961365,85.13237405791001,1
91.72240347831575,7.853048733194148,1277.821631224406,2.865613092111918,90.20827824919421,96.44577345919949,91.9801782106429,0
63.8919118807153,5.151935298484184,1464.3740807949569,5.708459933290153,93.321159176985,108.16125810366628,89.17893185826762,0
77.24187865018007,9.65474347753489,1111.3573610765563,1.836785161183905,52.980866267232955,88.69811728868945,97.94677165547802,0
60.39737756685967,8.447633755157806,1355.2349993617622,3.501797231077803,84.60252765198724,94.66715518811925,92.27397869561443,0
76.40312246979443,8.382566928886233,1500.987457136851,4.454419882754114,56.999368836088145,95.63669707364649,88.36127970250182,1
61.970614648864306,6.078375761988585,1391.1182654339611,4.485679029459046,70.79092840092055,119.0582611774164,94.33499321993972,0
64.15862706938252,8.294427351163286,1321.4230405234593,4.2431947838440776,77.42942075273442,118.18665427516275,89.0622049367073,0
64.11341863719868,6.969322028270792,1795.0787111197585,2.376441067259301,70.13697423734153,112.00550331008304,82.84656734797598,1
82.72236057406222,8.256164885207461,1704.2518097191416,1.7810328434331097,75.98058379015038,89.6663568327674,88.23215207916975,1
86.11157077428982,5.532965151539954,1498.7247665275522,4.179701634133554,99.82631543993097,82.72149256366679,83.92704298302874,0
80.41790677840058,8.28922652301518,1455.5018889458263,3.996510580697189,56.760865685642734,92.676165508825,90.43204984524957,0
93.67603919660897,9.997068628853333,1496.5283838596672,1.8967800514462048,83.77280226682129,90.67178197735323,81.84040331554013,1
73.12047028332964,5.24106019430278,1161.0496862579466,4.525695727852817,69.80004831928076,100.23703200585575,93.55189053650567,0
69.99992301986512,9.885870921106587,1316.110194611455,3.275859958668282,56.65048994536644,111.10911640271172,93.75019584915536,0
90.40096948663111,7.0345398036143525,1031.5676263127195,4.338802958015765,57.936838168715475,114.33291755515432,92.99455234002747,0
67.82585434818084,9.353767251686296,1380.4368299894613,5.186835398850754,97.46365531228085,113.79456341642035,87.5924038072818,0
93.7127888804214,8.911927420291367,1434.4196671661305,1.8486421428846158,93.9800748355881,94.3870224489227,85.822780615984,0
60.42540661414357,7.835081304933339,1182.1997888825676,1.0957243399841834,95.3520980207511,107.48937373842732,97.28599585007495,0
93.94575893476737,8.692246046256633,1771.223077732411,4.895512931978934,99.57663879136933,92.5133679009688,82.78432229948403,1
61.51059691827017,9.39257780650674,1727.5636887497935,4.04848712576308,60.415769500425895,82.43622172940731,79.42128467126557,1
91.19000897943249,7.020701608255164,1577.7145883647247,4.498197848110609,67.7719668682031,108.0626106241177,87.99935505834053,1
78.4695388180205,6.635165807816193,1426.70930301229,5.190774874943212,83.46095149624333,80.39310210279152,84.97495204904797,1
94.75376786417552,8.337966927817924,1695.975327718148,5.0140546741225025,74.19012699303237,96.36730349833954,84.97222810255525,1
62.58287976573896,9.039229709706293,1104.5218750587703,5.804600734644123,70.91947666891667,93.17517077208302,96.38352605544202,0
79.38489995404623,8.811425673883079,1632.407835419908,3.679675394260591,67.89056246677966,107.7351015407541,84.99033830670358,1
93.92558874666847,8.989068244293172,1099.8566511734787,3.4424781632995267,79.68903159717262,110.64981891041515,94.41320696309782,0
78.3084245459552,7.177916574064665,1635.3685300395243,3.0094359994536504,78.77967143200411,92.16378543885135,88.35676894872944,0
82.02895233473419,9.089171080875108,1220.6140546010856,1.7684552142210226,58.07289170321201,112.46508057779414,93.18125324565843,0
84.35120411446161,5.601045276853042,1701.6724648145512,3.8630361644101123,73.58699187592195,91.75667042019735,81.50005196279274,1
75.90893726687206,7.722445489804247,1755.2336750603183,2.385062621629894,77.67358881049249,97.85305439946245,82.0073313802997,1
81.96453280294222,5.028793302490608,1119.0367755240925,5.6065375610648776,78.51434693656952,109.08074108056536,88.63925210749525,0
80.4510009173085,6.622929149501351,1370.1404840523148,3.9159540213854878,60.50535964561759,107.71680916899155,90.48584242771703,0
91.54053036718462,6.83230767435699,1784.789902530148,3.9642009025405507,87.11356961261434,119.494738892488,80.614829166781,1
61.59062331195103,6.980863458046277,1386.7259487785172,2.77462330438505,51.259954741053484,89.00644096863728,93.46908388146136,0
69.83371163572806,8.477336033449312,1690.838018011636,1.2599467598885374,67.74159277715813,106.49271654158329,92.04046848140612,0
93.26440194267956,6.942790506351729,1470.985217705056,1.158718826864943,89.01063242678168,104.3872763310311,86.10566139249917,1
91.15923243618207,7.2434681131126535,1300.2639263356814,3.1166757207659876,78.19464605277011,116.60393817960119,90.12011142958737,0
75.94798634749995,6.187720654371637,1228.6268444206962,1.4228268904861894,63.05812162554301,86.254485665795,94.29898494951651,0
81.70464092305379,6.8662589581467,1162.5784728688698,4.0342347777006955,84.74765596715238,110.07192654347732,97.6996689068336,0
69.70834140433965,6.136348136315757,1609.4385531021578,5.404865028198287,78.36954720780366,102.73074465075074,81.44145955655377,1
66.58424059033165,5.365979618842218,1309.2324054584224,5.414574082593611,89.81218047281936,90.98663479151622,91.61155800290867,0
76.22944417289938,8.01724296690689,1409.020369760601,4.295227050661162,86.75125930949116,98.97739656588696,86.36619426353994,0
72.36732798091185,8.341063992775082,1393.8603840009455,2.056159157364655,80.50539610181173,93.35106388279192,89.91474149025663,0
80.42796391478052,8.097451730048073,1461.823223386505,5.3149841567943605,74.40888376554071,103.17253611153843,88.44824430670639,1
62.72071229377447,7.317470219002862,1692.4617164996416,5.430467176566041,56.65910628337617,115.56002443258663,83.87704867788005,1
94.10381826831582,6.8989289008961485,1784.5914748667435,1.9832679247647935,63.06665089426919,102.77219937648809,81.32188193657684,1
94.5173760567861,9.316668247859127,1326.0673668590534,4.687130428853386,70.95497364585427,105.26889673306336,87.78428118784528,0
84.43565999069108,7.59540892568109,1662.0151376850424,2.432597744635615,79.96496435031943,100.74991388458838,86.96111277283387,0
78.76337282204422,7.395909388148655,1611.622235723774,5.013201561764649,75.68539276076524,82.04662025781903,81.43972740173415,1
70.83346657002147,5.1282103290321785,1458.8231611644587,5.986189499518013,64.40922629797647,89.31434227504377,88.44700104927504,0
88.48282568974321,6.7062391381307815,1764.8377148895465,1.150130026646964,50.32321788948553,99.68006917728331,84.07923090411066,1
83.96559103938577,6.900978093929285,1160.3796124227222,5.486829328954659,74.8119610950407,92.40941134978819,93.86807270132891,0
65.6915928770712,6.994113904484502,1087.411368247697,4.11315266799329,64.28129942811215,87.27054391044777,93.47137248454504,0
91.88245145728449,7.900861846136662,1683.1695735643377,5.866913095824106,86.73041503552676,100.16531367673753,80.97918584041815,1
88.78880350231091,7.668012733634392,1351.3198533069985,3.325047587632138,51.19731326352417,92.91239173791402,90.68799566164793,0
93.24299696521734,8.039525463967223,1677.5750833656484,5.236939652856869,79.24139056528955,90.32430572693659,83.3983912823248,1
85.40018279359259,8.824416307710642,1714.472164156332,1.311970342991386,97.07371187530327,98.55941669761523,83.02335906523537,1
81.46953185775264,9.064928693580468,1049.9660748952572,2.6763952503914785,58.72046335557498,85.33137032328693,97.21864582871208,0
74.63850627017166,8.590615381132473,1706.7718103888485,1.3350826887560499,73.58247453752978,117.1098293230163,86.42293013306772,1
92.64549691739046,9.777618479774674,1358.6552442955376,5.876715667395352,54.57109959085691,114.70808391676957,86.90104954572308,0
90.3122361325143,5.091162913381808,1408.345991203386,5.084869536359184,81.28409561306763,108.30482342962142,89.04095705229983,0
61.58265345371663,5.978889928417731,1501.2740088745682,5.262737106229853,77.52658402981127,84.24855310353824,90.78156186484331,0
60.92284410740382,5.0378143748907105,1741.1060853840695,5.689826157169471,70.36827621064162,111.03509017878773,89.89002315137351,0
73.17621784073174,8.237373570773014,1015.2928755438112,1.4255174305989269,76.06885107368706,112.31829312436076,91.11587479597802,0
88.36936657736415,9.490152744749935,1381.4747746542537,2.9279879625666667,94.8287329234505,110.7105847085735,88.8274402056006,1
94.55466452602306,6.217411482881497,1550.1776339444486,1.3551744452200105,59.814715115553355,84.55863548476965,89.15275226804991,0
65.26459118862348,9.635172723981533,1578.1655661585828,2.053965507750143,51.12822558526736,105.7563182827106,90.20316754446999,0
80.79457503732473,5.301336951447804,1554.0259452296864,2.146828885188362,93.08324423495505,113.37299182997594,92.53037554824081,0
73.33117998208576,9.67218013402757,1107.5481035264975,3.3455360552378934,78.85585411939533,103.09413604878671,97.3772761140585,0
93.94700392351112,6.7581134361981725,1239.516470697345,2.342810837268213,94.53292277309211,105.85629500912356,90.79186412979743,0
89.4741623097498,5.5071041422460825,1286.972420333611,1.5048905340888055,79.84726117065863,98.33453917705225,88.8940774564078,0
89.34150466488983,7.429358795931629,1643.5497661436038,1.8374554454705385,90.50805449798511,101.1482927953621,88.15593264654801,1
76.40426059282396,6.28388283860254,1223.0078979316424,1.7363778177604545,71.4836681677574,81.37507433406901,92.08960646788887,0
74.51868258181828,6.424364509809614,1168.5639710937626,5.865383989561492,87.49299656441343,105.55852087893138,92.94606014041648,0
69.56924751757472,6.536449824631433,1765.958415230477,4.796462534592369,95.6520733444928,83.25788851564637,77.98383425077343,1
61.97314238278245,9.015129489163318,1007.0906280907751,5.83880732634781,78.60614818611032,97.40058377360893,95.66134715530404,0
90.26528316892686,7.695806383376272,1798.2566845455826,3.198702432539543,59.03925752811898,91.70620390669632,87.36241958770313,1
88.45153531955272,6.556538495780018,1541.4570390859164,2.391842408313283,63.43988075150991,101.81711800846853,87.36213744935756,0
94.99011856501457,8.051668916554592,1662.7754395592938,4.991465986045934,59.93222884487029,85.33665342092829,85.14343024528591,1
94.88228929758668,8.580753371115968,1235.6955170769545,2.6312695902057337,62.342851379786644,107.66573607893272,88.65380246614507,0
79.44010969609195,6.363120003667669,1011.452222133648,2.4969168685267413,65.32077246755182,111.80046147713881,98.46727866035168,0
86.91455953131786,7.067745507626757,1590.295614849224,2.162529961039156,77.75668933765942,86.53417798972626,84.41708344088683,1
93.06680054588497,5.609430466684738,1667.3156776005408,1.6483948911211768,79.39958147319163,84.17252349407529,88.13217917115522,1
89.7376586737094,5.905746747673401,1592.3809055628153,2.28231530508383,71.32498736209305,85.82061931149437,91.4548396940904,0
68.65718356101192,8.405589269824914,1114.280229840671,2.7765987423694387,80.77103899104176,115.08510247594006,93.67082551553484,0
75.76904473585327,5.907191738478135,1602.7423378055753,4.369971040728652,54.078746280568296,101.12757047025426,84.97850009691624,1
64.52057953030233,7.625816918335301,1615.138225686113,1.3128242110972579,54.389411852908,98.6904398403001,85.8019365812137,1
93.39178595405528,8.545231308612163,1526.8324125360439,2.0525346983267148,58.59147301788292,84.26847276409417,90.6519188707005,0
81.2161122057808,5.534384615473719,1612.892746236469,5.045118201458382,75.90387490201724,105.98224027027847,82.332690052372,1
68.00249819262119,7.836561098144518,1676.7371517421857,1.7346096179188537,60.69973393491568,114.7199836758036,87.72180202609177,0
83.50952395420498,6.282813918506819,1490.8832913899669,2.7132257326126075,64.16422017462887,113.12743477293812,87.753129012814,0
81.63448841602636,9.8146343761879,1070.8837711757433,5.3232946092907,70.0156418086497,105.04218835923206,98.72038163209629,0
72.53569513114942,7.4177282335996235,1390.1022477337688,1.7746265557172132,90.59330620051898,83.01114866606694,91.53318249709068,0
63.974515726987015,9.029962748875791,1062.1194677372841,1.4136841780909495,50.693106795643004,84.49588108704052,97.08053919220896,0
83.50506184574799,7.751132710781309,1326.0344248259446,3.422689975400054,82.46894101183112,81.97235948439298,89.75529964747878,0
78.21076953163276,5.217062664274096,1325.685191300502,2.512097556392682,83.44382655203427,90.29916865969878,92.08030891427637,0
87.03114371074737,8.16575687797011,1052.8078753121933,3.8170418224192706,89.93278901783182,85.42645868641512,91.98326846170158,0
78.20572253891977,9.757016711033284,1279.0564271755834,5.0190244524173755,96.63764695301566,90.40192161009736,88.7953432723543,1
89.82635251114891,8.008059100731657,1088.798479033052,1.6857424407637158,51.006892447464494,95.40232222875846,96.83005302342492,0
79.316739357107,9.09594429713395,1646.5881680073776,3.903495422771425,57.68918527566081,117.71931136284542,82.52039821578016,1
79.63282900373852,9.42103231674204,1758.1504207715766,3.5275438019493195,94.30856470279966,104.41504239126769,80.3407822247105,1
90.68287609304207,6.140398859744662,1057.8531802063508,1.7203939300659978,72.92592810935076,113.3989514273185,95.18039341634928,0
74.1219003174339,6.060224199541134,1764.0921658333612,4.119992427644912,78.22953194667318,108.41406002849328,82.76179910295637,1
64.69053299577243,8.05490494425496,1418.0612794693961,2.3682020893038582,83.15136018615738,84.50012522106528,93.8875415799909,0
61.00739367096686,7.055142349033524,1239.6525423630992,3.4391715927200623,83.95333022478187,109.43681625495796,89.9402352584046,0
86.42980394857666,9.199306514333601,1061.4896602209308,1.4113616213853093,96.58702016582541,91.00395526236498,89.29123654609626,0
81.71083429737126,9.500115616990055,1400.4994144563343,3.2979202860681154,99.84747087058349,105.56431387978826,89.28286250048374,1
84.64279188347282,6.7671068965135905,1635.612435592599,2.5323173402141017,86.00787304654702,93.63847894571954,89.17364355042261,0
67.45374565281188,6.18435279487241,1565.6691818133586,5.111906055926772,64.36106046025753,119.90689053058637,90.97574134316673,0
64.77300164553694,8.90262757621931,1040.180809171179,1.2848936349868414,93.98762011471717,90.54205917987112,89.78884536068702,0
60.50906329837587,6.37403017774068,1058.3214682943228,3.09303637459165,52.46104572703808,91.16521883097079,99.52813809921246,0
72.27056455823089,9.113071592568392,1322.2986261061096,3.29215712065719,61.55404264372481,117.22689022249594,90.08858927705867,0
80.64711903991216,7.118691268243814,1236.2323952383547,4.625030381495593,94.86928587318575,80.9857761854529,86.2430766137049,0
73.72854157849063,8.337749496457352,1185.9074584448383,3.871437875451055,62.80957572196775,107.86755951492788,91.78151438088544,0
75.31162227083051,5.477676569173341,1224.8035991269708,4.336061685970906,61.03255298108742,109.01305562943513,91.7488732039817,0
91.6455543072812,8.119296623382866,1642.7861946375078,4.885246428258781,56.906264657012365,113.45514309641598,86.10360641229445,1
72.18894134581551,7.258838393686146,1743.382442905483,5.311014868290944,92.95558788234582,118.97757242553902,80.60566516764014,1
77.98963212059337,7.933042315877371,1324.082155622053,2.5693774836123526,75.00291295955434,119.02407676626609,91.19687418735047,0
87.42785544594001,5.840071038724317,1724.8888017059976,3.690113526819515,83.74466015270774,82.61107030265856,84.738616200416,1
73.87899738124446,8.68436872472091,1257.1965609983056,5.200540392195999,61.953319203751484,112.87357291011611,89.0443622686737,0
81.77303450797558,9.313985387716142,1381.1495890750334,5.947255654825282,87.90202105056082,105.85239734629525,87.52132815947871,1
90.18272980613608,6.083699000453878,1180.8231982527998,5.447596555218816,88.00027724810492,105.89368537492365,89.33102816199673,0
93.23322182801748,5.478572777600808,1512.3808337406751,2.857336313121884,65.629901245415,85.13399706458779,91.58211933551334,0
65.14757183251633,5.118192930231682,1783.184892139847,1.9758325860932522,70.53413165051414,106.00748665782614,87.07712111953289,0
92.43056688065231,8.20985750221633,1482.794476834703,3.4469626870329435,60.484513871510046,119.29930322404991,90.63344596936953,0
77.22407025778384,8.035470180443903,1286.2512672908392,4.708207259180211,98.82805116614522,116.47274278157788,89.22515822044525,0
69.03855359046354,7.73348706357035,1518.2539567924227,3.462845353766488,82.28012885292058,97.56522643219402,87.7460746637598,1
76.06975146833915,6.159735480579878,1098.3365427723102,3.4159043165683425,96.72719403577577,81.59791893144377,91.81286074143541,0
94.3011401349917,6.954529979527573,1710.927264212319,5.191152105409003,65.16927718145666,94.49173960000819,85.15041098005754,1
77.24163328975044,7.972381675930865,1402.467160623869,2.807018895335932,89.09454564984449,113.0556124640222,92.17762612610944,0
71.50630636006278,7.483834294295847,1359.4797936317136,5.298973374058228,88.2929321942371,108.05996405860664,90.9692129403582,0
82.1690299010854,9.938927601074436,1468.6918307628152,3.034024004758618,84.58278259332707,98.37374622375826,95.13823842810879,0
68.40509665723675,5.682198762783665,1499.827090231522,2.641165528391697,98.28194876334001,82.20406140635325,86.65834534409356,0
62.65521648380324,8.475722770237969,1057.4206449812104,3.269949555998495,69.67776680531577,97.07578911293211,98.37861925280203,0
64.51079026687272,7.021593840521461,1546.093776978722,4.812234793374342,56.53586617948787,98.76099758871534,88.0764896541291,0
64.48160436352204,7.140998074628074,1193.5453442524235,1.6300101393199715,83.58544296220305,117.14222131576544,95.45823561436188,0
65.3165942729303,8.587988828290882,1571.1621060052719,1.9820960793600868,86.46549002386031,105.64344414328637,89.62431210346053,0
64.85895104272936,8.462180756621848,1658.0278355073574,5.7572241283154595,78.75302867294073,92.46611666618595,82.52026974502178,1
82.43061606811251,9.956279968510941,1643.166806042016,1.8774581369067869,60.34089465666982,101.01273057802885,89.31206226212556,1
66.36580295397007,5.641971447270626,1442.0007739263112,3.8386365896552728,75.22279708346777,82.6422123128864,88.37451741317322,0
72.09835491633521,5.520548246920832,1416.135913848601,3.896572333309689,65.60948682845647,118.90272942598946,87.75518771529853,0
91.38759434671042,8.621694085643705,1114.3007690715294,3.448122310251224,71.37332640833445,94.40239607722904,93.29758171691472,0
76.58865740920054,7.891934585032045,1620.2769203225084,4.2237262428840925,82.26092879223319,99.11469419652543,86.36580232954287,1
83.36452084823595,6.37080333279903,1217.1275043573714,2.1491336289880922,87.26073713454173,94.2113589694769,93.41143742232262,0
66.03119549205704,5.397096844944933,1397.3563382543573,3.763311338883741,61.611234545067155,107.30046920464801,95.29623148018037,0
66.73011565830348,5.428291247982153,1227.4192743420133,2.8608662762344856,70.26626803234767,106.48928633318371,97.37642930427546,0
61.43040156932676,9.470954373320591,1107.0626903997545,4.308336298145945,63.45807854958146,108.61289242116543,93.28553703695371,0
65.91272720752576,5.959336623593715,1503.6461575133892,1.7061177168657473,59.93158069309345,90.72572918447683,89.28938043095668,0
69.75066186611855,6.616857810577604,1043.4656278583232,3.854387084197381,89.16936099979192,92.62673924656264,91.34765283769525,0
66.19536694968613,6.1332820111349395,1598.91618730096,1.9263517769166185,95.46263472184961,85.01004924384831,87.63065343581651,0
63.10458868149695,6.774981529159687,1254.0694362088934,2.393215315575182,68.51160928422884,106.2203988738445,94.79040411578602,0
64.22225548852103,5.347119213730467,1000.1077544035883,2.093549001617916,87.56394621868834,81.5918850934261,98.48404617135891,0
76.1272568811454,7.595298954541352,1408.9033113897838,1.9141888993440856,94.84976446822056,103.90729342093836,89.19048869743762,0
67.22168014420274,5.338062817961075,1037.4815268220825,5.128554757803335,92.30621052651158,114.78783539406535,95.02003710188934,0
72.74944513668264,9.001782539111808,1220.9356462567196,2.4285378383044516,59.140669426961296,115.63328593158533,92.42915521776479,0
77.61960447991999,6.168560409552165,1565.5811899645728,5.635618909322247,97.81459407566807,97.96151041479847,85.08228782487727,1
84.1638190020278,7.700059573022553,1050.1516972974928,5.849632626725954,68.83382202147313,98.37214752852296,93.18333172490938,0
61.37592489443846,9.40039543780729,1671.4707938848019,3.8563023496854867,66.96203305869182,83.0787673203207,90.00797510492237,0
87.97936396181649,8.25438684523597,1003.0559381268665,1.715005613328632,53.121566363889016,106.83060101772142,97.97824827563302,0
81.97651363218176,7.664788932756677,1197.4590953615218,2.8727412168979063,74.30868270524415,112.85037681491383,93.36902439048056,0
62.86156611821052,6.621668765576878,1592.7232449216572,4.98866131674107,55.45068078204643,89.78620218418853,85.64426536033743,1
90.5752518437372,6.6650095652909895,1253.0161197834454,2.8369536434853524,62.4269910463713,96.85203526533459,92.0435110106304,0
92.23053401861347,8.347434775990951,1081.5139104528107,1.4350860915139436,65.84713108836407,113.55357347061081,101.758335924813,0
62.13772859492023,9.970696806105838,1288.1871350403424,3.7839245546409397,90.4413161745842,115.08481870649152,92.34019347304651,0
69.69071768515212,8.309195949246893,1216.3146291076205,5.225604257480174,93.77443251979483,89.72719921056904,89.26328263889108,0
88.21704479275715,7.788917086850125,1674.169521728444,4.979631935717512,65.12331587307348,102.02282538165457,89.54417346412906,1
86.18908916342804,8.65325255119623,1250.6783340681145,1.8756157006517662,92.93490606222869,87.69972602543308,87.47878276364618,0
66.45823567747321,7.32602806141859,1631.1459774208058,4.363823072062333,92.86154686848955,84.07515056558226,82.13199315977829,1
67.32722631678486,5.300711713003926,1713.4977158485876,2.1025213171782355,88.23254751924367,116.44482005567829,84.28290361026184,1
72.96652359769837,7.811484079389549,1347.0539356612237,2.0910376727608613,57.334755700759075,112.82030016928437,89.44590211731833,0
76.95830448168574,9.7881264225269,1727.9545150835136,5.370358866525926,84.51614234503646,110.40139607212696,80.95160338303423,1
81.63891700356035,5.876514711788298,1301.8544431705543,2.2483447637011507,97.25120322902845,81.95065275252561,97.18727679382242,0
72.91197738494203,8.450024454103328,1771.2627331920867,2.316236732590056,84.12702393835785,113.7491517084103,82.60632880033553,1
76.18871506466017,6.004668443295282,1071.4316196204584,1.0032669538064978,66.58084245539169,97.52176303621535,95.8794422932969,0
86.16148283468148,7.679138422365407,1549.615413202594,5.3533451706275885,75.02896587154157,93.69580493183439,83.86117336615625,1
61.28391210117093,5.483382248233598,1395.051232365543,4.962974066045674,82.28625216755268,101.85905444101506,91.76630774163198,0
68.83529305204073,7.251854681290926,1310.1190443645178,4.13664467545339,75.52852043642518,83.65412970894224,93.33098670124924,0
84.96723550595934,8.78081664447623,1506.1695029988807,4.751328819694211,55.99764708654849,110.26586197409596,87.47718694764818,0
91.33223931905198,6.737857621194911,1563.085673307465,1.760242837122459,65.60320223260103,103.29740307553183,90.94519721900619,0
77.90871047404832,8.32455862243609,1003.4906157202473,3.2916179729378774,90.11980152768163,87.4636038749267,97.50458510326429,0
78.62397198428604,8.977249803948645,1133.562470997759,2.7560969367439045,93.07090230477587,87.52928799076183,98.7784845362475,0
63.75102039689216,9.635889097397264,1570.436840507455,1.4688826312850825,56.86500163577851,87.36994606290696,86.54580382596292,0
75.65943283882092,6.173210409277267,1533.1083308625653,3.4306524260746203,97.61933761993623,82.28009550207736,82.1120539988433,1
78.64160432592581,6.996579579046541,1772.8380041029418,5.603698251713177,66.44113089243046,103.5119379748674,83.42889016735529,1
68.48646762721553,5.7620800666520875,1608.8302322006264,1.2002955952534724,83.11568693653601,113.61392710354033,83.24131777243485,1
69.42351308322833,9.962417510791877,1760.6181661850705,2.4573045674689693,87.59125729783406,80.69992855949555,85.75119849102532,1
73.2049457086618,9.635004839621477,1562.0324012278456,2.0377046810285173,90.59731173189417,81.96018579885094,88.33007583828686,0
60.702491922220425,7.699785651402798,1238.4417669115546,2.1907332683284815,97.2874851112965,102.91081106747782,96.10125647204939,0
71.27277079541125,9.210166471882106,1084.2919378006852,5.542172759396877,65.64597740144113,112.7798274154421,97.4085076349166,0
67.40068024487906,7.60478988636021,1625.4590906759486,3.3403452711714507,92.92532272757772,93.06955562274534,84.27085386984959,1
71.46240732622701,8.117928440013799,1515.3193771807328,3.331497064699094,56.584345171810355,93.98457595230889,90.46209414142743,0
64.1916746136738,5.445622160580083,1038.5488099146369,4.802878212276411,85.25204531767963,103.85385989987104,90.43601016757697,0
91.16845482589632,8.77635210248404,1288.0403727207827,1.772461020024629,87.09888647569929,90.96851556496588,94.55987953944941,0
80.7757358743917,5.638567418176174,1765.4398523874288,3.436326770500254,83.88616206006603,81.06433464310737,84.06182745992318,1
83.76858117005713,9.130338151262642,1400.320916568161,3.1499260706052987,62.61573680675765,109.40914072406385,91.46056604204598,0
87.62099335125684,8.91014043835193,1346.1833088157637,3.9845534527332807,93.65215735076018,105.02599651765813,93.35989075094521,0
77.445476962517,8.543723488714882,1366.1596841274352,5.997788516252193,58.44292316851975,103.23023996222636,88.99445528602736,0
63.04221008305983,5.180801902623811,1167.106179204131,4.847244470410235,52.681739576041544,109.66736515967293,96.41127955291758,0
78.79872896364917,6.515641779726643,1294.9657366918361,2.989328515087136,85.87324953059561,107.0092335024815,86.90728005374224,0
80.53943913073077,6.315562849554214,1295.8506047897413,5.137765261370235,73.77378576163669,88.23527952713285,89.94939658290079,0
86.09038159645155,6.800682037357595,1041.884016149978,1.853541816562401,92.4549009979338,94.09924187773404,96.16332305051549,0
75.10808411803878,5.438213733819193,1614.0541028143346,1.1523184315448005,69.16985705291295,85.044405667145,85.20876930417795,1
64.46531059784473,9.684789115155315,1333.2035455231032,2.022241862321365,58.41392942538564,85.19428053671524,93.16636098862531,0
69.93215670295535,7.769011203561881,1657.7439094531387,2.702057780571298,91.82210962349349,107.04782985426156,89.45106278719041,0
72.70788037395224,6.527621553290118,1680.2784008959163,3.5529037872977995,77.44548158200358,114.34400427929992,91.48493234271879,0
82.60710344660605,6.984907585371417,1169.5952437589265,4.075645702705999,59.45978961951774,118.50930335444556,91.43678925939714,0
79.97724066341192,7.236012702524178,1525.882785736103,5.5530285860721085,86.0191999293223,105.13388470197778,85.8110726129828,1
72.46338540642462,8.002971666803086,1377.8254433303855,3.5492700477522883,75.55568192447502,87.36405293443828,86.78928167346949,0
94.52803370775429,7.578397138482488,1704.125390337188,3.506378223128647,80.215649112016,84.22601381795722,82.01144599560493,1
81.20211867749106,9.596959866072087,1172.5925433411633,1.2512150491149105,73.04491691032909,112.51403886147031,94.47682668327164,0
68.3029377107598,7.484817414529151,1542.2505602480355,1.174557763281119,91.43544919090033,103.15025905439997,87.46460023918053,1
63.56238654171413,9.960790074116563,1486.201697802178,3.7557998095818603,91.4781357841525,104.73140084054879,87.30656683931245,0
65.35006987145162,9.257124788725479,1236.2411820574662,3.1908930662417223,85.46944109121931,111.25848355018837,87.87755182636425,0
68.60852049345779,6.042552571786679,1109.2807229209382,5.195901974901493,55.27006886982311,108.13108910929806,101.30530284843827,0
65.62384806408446,9.65297607321958,1521.3118083818213,1.803397923559226,91.94269309520345,113.37833011424387,83.9905661929692,1
66.5298458417957,5.58183198942738,1590.8779665058646,1.1248583105852479,83.55064902664549,82.24855621839514,90.70110519843129,0
69.97833090428465,9.087248542455958,1252.5018750106801,3.2451938396506295,84.85120830021498,109.9008254698602,90.61001751694435,0
66.06807583531642,6.9031164673829,1515.8660832178512,2.1873927837612874,68.14914202019358,114.03411029288381,87.79937939579729,0
91.38678986192488,9.389871602225348,1316.1047260892026,1.2480718666941872,93.96397780785034,91.44540169833257,89.87104905565259,0
62.808181098157476,9.340283450537251,1570.5655066260942,4.622991434238145,86.26858001174287,105.61789095973012,89.29659311613223,0
78.35789863495891,9.029627000588107,1159.3722199152426,1.5579649997862375,55.629523326459726,92.56648255347889,97.84862055180545,0
74.36388894463815,8.950152181535307,1712.1720021089395,4.041597500038859,70.38890172030813,118.31884265929816,88.11554325704216,0
94.38325159180123,6.523395695490204,1229.9276771724637,2.4052487508344456,94.31901809800709,81.33694289742014,88.38102103839513,0
63.92136157588183,5.404596415256261,1294.2287902049225,1.8674802517751101,52.35983508486895,103.1917137533182,94.09688932270943,0
73.92494596660096,7.014900893825807,1046.4735616642797,2.898757614596587,98.07083098210248,86.6601418819806,91.67749584144492,0
93.93146516463791,5.867622574932543,1089.209769857021,5.007228881114768,83.95812841597814,108.48880820708635,94.25241981736959,0
90.29274940628932,8.474755444512308,1412.6895221698624,2.9604678845228634,81.56879888216884,87.03561133674648,89.08150466459753,0
88.5975224832248,6.730498632688928,1214.074141382377,4.753848246055279,63.527962824399566,89.4153304759343,90.31246777232411,0
69.02659894657289,9.878051004299575,1668.3841805937554,1.6274314839957533,62.439589436958855,99.77483244183033,86.37203358298954,1
65.9810655586523,8.20486038672666,1011.7547109239631,4.863857098325395,97.10291097442978,116.59339799987512,96.06492462586462,0
83.40251269735509,9.112402818171805,1303.275238937549,2.1846666245332433,64.91362271170614,88.46857488591883,89.13745275045555,0
92.5281596194655,5.662623363709242,1269.8764374152743,4.386965649444364,88.77526483594997,85.76960084472414,87.71192136671627,0
79.48670125548755,9.310072411363112,1015.4621047340809,3.828907774204982,69.65608991035396,110.35907327416123,102.35038448822458,0
80.0064441314465,9.613785952566971,1099.494719200408,5.645723586058437,56.9627035392352,100.02478129335724,96.71859976725578,0
69.79926827810995,7.435309594094679,1330.9141399349082,2.93661258987657,50.53576488476795,116.47140449527086,95.18101024401818,0
86.9322526617178,8.031264688754888,1394.2916675579572,1.3308259441722021,77.21286685076254,85.8645822863937,87.24841501307976,0
66.54653119951331,8.824049004514977,1323.4317978038953,1.0957774277562646,98.78894092744663,105.83711572092157,90.87866357250296,0
71.32877327414853,5.874193136302063,1424.7501427296752,5.134292804863765,68.45680969046023,89.3151658460726,90.59800012442304,0
74.89027535157459,7.512830382317212,1476.1053399245452,3.623678188307161,67.85961669965224,86.27041714606557,89.65532315178343,0
77.76636325395593,6.993315138861566,1007.9390569022685,4.8762202591747466,67.20458089247211,107.33717660629083,95.03038614370834,0
68.48434063452781,5.731869960811245,1371.2761275628031,2.1721280000575733,76.02719186524293,103.74738479634934,90.8223910900426,0
64.01928886587213,6.837672111457657,1770.7993927100706,2.7254187275661685,72.03324417121468,110.19309833449324,81.87618917123946,1
81.37170148545714,5.340861546927468,1415.2258241036388,1.1505193610565947,93.99573133635073,92.3785030578473,91.63229364350026,0
70.10206936340896,5.129059534747435,1542.0338139671626,5.8074616228705604,75.27603958617452,97.9188662552876,91.73414269035018,0
80.34333774979143,5.675831445774114,1249.4910863335065,4.3393395335040665,75.38789190942845,96.21886705321674,94.25140817244571,0
65.40269503459709,9.81557555794587,1619.19310252221,5.666025438796531,56.91857973602783,119.36357855866058,87.76784921378389,0
76.83990356491861,7.747647679475085,1618.337185500892,2.3274820371453617,99.1369770455193,91.68995826957551,80.80873855677021,1
78.6406301393055,9.8291108057661,1417.036838123311,4.057318056128304,62.498644543441486,91.79268953387067,86.74873510981425,0
61.813823788784944,7.162489391650659,1780.8110586233709,4.392499841463189,53.66820337298013,94.1819283531443,84.36290374424046,0
71.78114973678723,6.559080665426298,1100.4401718101226,2.587748501287942,83.15731244876045,102.58376325161287,93.09622556368299,0
64.7045136928641,7.5307093142012205,1013.5581319116648,5.24054617507815,79.76831850784363,90.09290977054981,95.8811560688408,0
62.21812396654687,7.197558443164551,1616.126569405677,5.735807314501239,70.75728269963729,116.61159761517095,84.44734472515962,0
94.64860813364808,5.52832342130872,1645.724429891906,5.424275588480022,71.1096116940339,90.62742259465054,81.93603013808203,1
71.2823845741153,8.204131573451031,1096.165783296461,4.695334879696863,89.25319605232156,115.83262926240778,93.33832473805104,0
88.34560560491222,6.080190912547998,1212.4662663668848,2.38732339862477,59.78563200498245,84.13900254586339,94.68095678016947,0
68.91242291673174,8.097939774489149,1014.0418906933031,2.4080802105281585,91.01266594724449,106.26250809598609,92.34594327036223,0
83.85259527783752,8.251005461990767,1234.6468886244518,5.816801602230189,82.4373556947509,116.27942073752975,91.39394730397706,0
86.60797509613903,5.76012426564324,1618.5134991349373,1.0514224796784601,70.94848868897623,86.74997753592918,85.99304569358232,0
80.84735592127456,5.306748135553341,1414.3684221700632,4.580249866210723,72.90143082919343,118.7330784039702,92.1822391982649,0
76.50516659925555,8.9038079303422,1278.4764745346306,4.531230812776311,62.832360359304786,98.11533441662047,92.11316517563209,0
74.4144319951544,7.299002118846601,1297.3914359250643,4.113447704748987,87.60571663484873,117.82860433764098,88.84959277725314,0
72.21038932900484,5.290818977527379,1001.0829005723746,5.950544230434329,75.64373711526339,107.07280174520187,96.55284472953164,0
92.5335200486739,9.974331585848836,1239.8404220521888,2.5593971788186263,66.04272713749218,92.06347479494207,87.4428392959507,0
89.07167927257052,5.288902804981833,1517.1669933103444,2.699859318966241,79.80250578804751,87.53210099668425,82.12962863300574,1
93.77594187332794,8.475176144292766,1779.3555550530857,1.3946970147327777,99.78672260256616,92.14940184900398,85.02006878265713,1
64.35040282199407,9.918394626317067,1677.6486615871195,3.2139906827186873,71.76311398282769,83.720696370507,86.71516888260142,0
85.58036163212755,6.195900521079628,1018.8759717164234,2.3052426311742407,96.03457003893098,85.75471865373319,95.40668768123017,0
92.84191598873633,5.711246843435981,1718.8484837398714,2.716933510888221,67.2508419962283,84.18641761385925,79.37448306474955,1
66.34315731579811,5.606924697112144,1626.5587306389007,5.172858951278139,52.736635346249294,96.91774174966231,89.36752763869188,0
62.32736935783721,6.516375737837977,1624.3008988567844,5.677422567637478,60.21210531842144,111.82313505030345,82.85887963133911,1
85.93922272515206,5.505229055053233,1366.3966072028572,1.9286653600259283,70.9347571663842,85.6553421686536,85.83624046069099,0
80.10655896129691,8.46080670847066,1318.4042343636022,2.8625446577673292,60.98174642972845,85.21281732689343,90.82750378232532,0
89.46400718653952,5.311458990650314,1242.332583066554,5.643152810576971,50.01135191091278,105.73715798069323,95.41914552311154,0
64.89203318192013,7.547110640748949,1052.5558871634926,1.3090423034461132,95.75007688737637,87.88731927872266,95.28680459277832,0
87.83435591509615,9.983484269264885,1182.5882907949592,1.4618026405568925,92.19397056154645,83.90440152435967,91.9339810708024,0
67.05695620167106,9.069851347530093,1197.2829079824196,1.8139549460311468,87.11461157434735,86.6739431282231,92.00865160461555,0
65.72795800029965,8.076097191155053,1387.2616557681613,3.976064170634374,58.390729782301435,116.94925583507104,87.8174798023793,0
65.74930292758475,6.5312681039330585,1597.9555252773553,1.7523613550299872,56.0181788104993,112.85885011104763,87.00845163505815,0
88.51011520809837,8.119479181458193,1379.0478627183572,5.840381907253668,53.38023747361916,94.16258249420376,92.96359245149777,0
83.281902724367,7.635207319558258,1046.2755595577285,3.233572636292602,86.20145943864605,106.2328306930957,95.29837450860205,0
78.30728986691918,7.130416919451857,1766.2318407905632,3.507589801750832,96.44039803439426,101.49102694672152,84.08824966091966,1
72.55906694432258,5.653551883700997,1754.17945527529,2.2332930790270327,71.52679104565185,107.08497053930256,83.18976085558826,1
90.70201892845878,9.433021076202333,1628.1516345187267,3.3548012621736674,55.95703359980241,107.30684609851038,85.34449594473928,1
73.73557875979223,7.248923244106613,1793.0623212513765,4.309568163185057,75.61964103660533,105.14936060239972,85.4273091403854,1
88.5809803815052,5.973112559103825,1435.5858662402104,4.755885684770214,67.4415953729315,90.64405474149234,87.25557207856373,0
75.36972179995765,6.838796754386448,1770.214680202565,4.769340413549565,68.74124621749988,81.56025683051273,81.45487509402778,1
73.19305502987177,7.070648762644636,1060.4840324934007,3.8894555634704417,81.06653120778536,98.22267127960436,93.04908217337704,0
76.19379249843622,9.137689477834371,1292.5445986090972,5.521798874969286,85.93590566311012,115.63895538762816,90.70049527104815,0
70.54822559574497,8.66807190280701,1180.3050144054127,5.087039236530547,55.53017994365804,102.77989034074304,90.5661153145866,0
86.1663283061688,8.846524468206699,1156.666467307416,4.785240573493127,51.77951154032382,113.29564166807631,90.79777883486341,0
77.59521365323677,5.055156322143236,1112.6423591141408,1.278027608402303,99.71651513428574,119.66497371844912,90.8468607570482,0
68.1274443301386,7.0807699908988075,1497.9309132527974,1.0343898110982466,61.636417445777596,86.54464816553104,93.03504653366866,0
91.4851100646099,7.406720758176618,1625.057484597844,2.0622363859773647,52.691526245422956,107.67110556567928,85.87898131788941,0
73.4361927480624,5.0959613841152835,1462.6387195362886,4.317617969567261,59.493766454796,106.97174294800098,90.66643523393688,0
79.0243501389896,6.299066043725171,1117.5701676705678,3.055987444412729,51.94789231742321,119.19821789433114,94.2839240444326,0
91.72652388375914,8.801449115610675,1648.8990159467767,3.0120312964965588,69.59054473085858,119.42402935811202,82.97868614262214,1
81.84832985698972,5.685548528644995,1508.7637657309829,5.422934441148069,90.12008922256621,107.46714446896519,81.19602075739719,1
64.09143142479275,7.6765506572629585,1310.5325649015963,5.477814240659193,67.06222248788603,89.74459167928777,89.88292220250595,0
92.89412432647163,6.0760093600861875,1539.3042364288503,5.545876320267928,72.20917034391833,111.94223352522397,85.64996710832827,1
81.96978185749963,5.060603873219466,1207.9239833942663,2.5693903825751363,83.77933867837194,84.28116536844152,98.25862271331538,0
71.72169651299802,6.206007287997707,1276.1537667953685,4.455279063696309,75.44470350349401,111.22797216686514,95.16819021797475,0
64.87452254321856,9.879368774550269,1733.9886745055921,2.3581659063718483,93.07228430106622,116.40784496578786,83.33218485076,1
87.79088162446035,9.007685559414949,1232.4036045371363,1.9530491653722488,93.30178375228783,95.31333579073741,86.72502800320972,0
81.70254645749797,9.797883221605167,1375.9906145263494,1.923162286736846,50.49553477455768,105.22541179932321,94.18906874707871,0
78.67113821917125,7.439270219631812,1712.1129099168118,2.71053810431797,88.90231532415996,97.20570928387305,87.43966971594178,1
91.28624040678352,5.548680993387517,1566.177080214022,3.1497880988991085,73.03668001208369,97.51060219952514,87.82550855737281,0
87.60090239285857,7.739797444868465,1049.7625809317622,5.154745855275342,99.44202706518315,92.4148355643248,87.9651984177133,0
65.30862079064629,7.271886672799805,1117.8424354231763,1.5994554673635606,74.16160379377176,110.48518481801298,97.94740016638902,0
70.91027237284419,9.221785413698079,1006.2732726175335,4.6746292369744715,99.34479726941487,117.44706256666021,90.64090406712828,0
68.6971198935063,5.490412903921223,1504.7374321833308,3.6572745709465266,87.72846806028683,117.63003436937845,84.82872369071931,1
86.0381202400437,7.441205685108891,1358.1387403283347,2.4397267133799625,62.430244230665316,86.99125139499735,94.4093901147544,0
61.17363521575228,5.750243323469921,1107.4198807218204,3.464097922664123,76.91974896434789,114.98974598626265,97.30207377175515,0
79.94613897049608,6.6233796344503,1766.3472968454164,2.499710348885113,99.60678197392915,109.49725765708489,86.0943589124947,1
86.68605400092417,8.686785386938999,1423.727779156496,3.98040977619153,92.87653038759618,90.11349602761157,91.3058631590592,0
90.68679728666123,7.380090646843833,1193.5146352903114,3.169219614276221,54.868344689561056,82.69138451686058,89.7627293367273,0
71.97286120505676,6.879441425728847,1400.4828569237661,1.8220276453943938,85.3185998404998,90.71989067537513,90.76260761013144,0
88.74400566352045,6.972381392850177,1543.6962661880862,1.5829153727784835,67.27897929354066,116.48832947126103,84.57874893100528,1
63.872110793432256,7.297233842029933,1060.9913743788516,3.7334784103606506,50.349113094017405,105.32714699583089,98.02145804312131,0
89.62583021070813,8.925082719185284,1219.7630520383136,5.512065166430517,70.17404845134998,108.84218643591487,91.28993459148315,0
64.46210318161938,9.460423444701172,1645.572392707195,2.7197884327884276,61.73772108624856,90.28609404436384,90.94567818091846,0
73.90505516961285,9.77667343251964,1367.731896322129,4.665000536113116,90.94346352602358,108.77552622299281,86.29742107803317,1
87.90533780228438,8.934516931276475,1437.261713625836,4.293306774698834,66.86653044228828,81.12486025111696,93.37559439741499,0
65.24710995720709,6.577034478740064,1346.2528017675754,5.657774571547405,91.37618469769086,95.01285383092055,95.37261492611313,0
68.02379883314245,8.440673530432711,1035.1199541144042,5.104905086495704,50.029896941739764,105.07013394169326,95.12161367940223,0
85.27883989375732,7.18801562027696,1132.5998238561247,3.833026294527315,65.39095750130596,85.8438626216528,97.02705677025187,0
85.2012787791126,6.273353110230255,1356.4333109935128,4.285152491170536,62.0582607153881,112.92014297787739,93.59524539277136,0
82.4401671509854,9.204357897129613,1167.3483723263423,5.491932332920174,61.678368053430546,89.40125195247674,93.44861515035164,0
84.2881955563485,5.192131744811625,1039.983222927743,2.9975939229346737,53.40933098827313,106.09124451273786,93.95333473774467,0
78.99535551716586,9.508809960677118,1674.919731241459,2.6339735292888866,59.35621352052509,96.20788570301319,85.61734504464911,1
68.81296706174335,7.30738732312367,1784.9540233312928,1.0540554181759818,77.777478494281,103.84174381910589,82.82754964765647,1
72.09935977263719,8.186007384041403,1634.5142991973917,5.132755370957321,64.56805364188722,84.29802210515632,88.36297104760234,0
66.3559200880499,8.296769611028914,1683.0279373637336,5.004903502016824,70.8697391164574,80.67651199686429,88.24802810920811,1
91.79576964667699,9.475588703532683,1193.5817042536364,1.5222725905007568,68.84334401735943,116.38257709521204,91.81239630528077,0
80.41871281681422,8.183348410836036,1768.5015804105597,3.884286905663501,93.79524624999473,90.78520035068732,79.3325413899963,1
74.02979958672739,8.06966792380031,1157.5405635627426,3.319908490834437,95.26494995052578,112.78708011121836,95.55542107856,0
76.17020312754464,5.33326020280345,1761.143848289466,1.5935454775455573,74.647848582793,119.974012018888,85.92498199715446,1
93.15491688641353,7.59204010972602,1795.8554351727607,5.902841135303618,66.50779751578023,88.45725031995644,83.89542307919136,1
65.36729910906281,5.750845004085209,1569.378244596839,2.0734794373167773,55.34003520011818,90.60682964733422,87.76887957831438,0
80.5180441205879,8.687168843607427,1784.9149854334576,1.3361709004528057,97.67014396910474,106.51439150538663,85.25518329983346,1
77.70610376095631,7.561109604063372,1455.6318236536829,3.974236897509548,53.011347245014875,118.61794538402485,94.36593920394617,0
81.40089824021267,8.401138896041767,1207.6334265408723,4.694333385665163,64.88251387841402,116.63257392762975,94.45180348980374,0
60.63385643372942,5.208364503011921,1349.5967085324967,1.1622172302359348,64.90331005850021,100.11502080262339,90.24036451935206,0
90.5243368130453,5.423960080229016,1474.8487483030287,4.293588193635111,66.02006430701074,111.804411301069,88.32496979762531,0
92.62413988692643,8.581616940313411,1058.465249621612,3.661459379757272,58.214342163620465,85.42983412399605,95.44952726528116,0
79.77966142562231,5.360421679993367,1497.8746116937969,1.516325044375242,89.15807154618486,119.09752736816048,86.33666665172144,0
84.38277883569123,5.356283638826293,1784.9422694098357,1.8626193847318104,56.12489309829946,118.57412936143946,84.25223023003429,1
92.28747834120534,5.060542376174437,1152.0861198269822,3.8398714865804027,81.74533295765814,86.54915831516684,94.50224528284615,0
84.75335220096895,9.7825069914974,1634.0760930307065,2.481788067566442,56.19230133529087,91.97692499212427,87.73535214391147,1
65.33886650199915,8.687541797295035,1726.3190350236955,5.69157864325658,53.52678187964783,84.00619990027067,88.51621912418027,1
80.17009260583846,6.766257042510321,1754.9612742561767,5.093701147420254,95.47147518429382,90.86870395592719,81.07241019535687,1
81.23502662339996,6.482677906438276,1768.1084835243578,5.9178360325683155,59.506438315935284,112.63823157660826,81.15893323719085,1
74.84457349558352,6.748516148729248,1417.1677109771776,2.29835419475207,91.0625077279852,95.13262428661038,88.91182364747822,0
85.7755482468653,8.87326765590591,1781.846326393203,5.848618163989885,77.2315435553568,83.53587868587033,84.50457223108965,1
92.70284551691552,8.306853055352072,1605.848165707551,3.156169348957789,53.89282598043848,93.68902099115618,88.79277867552196,0
92.39489795173716,5.92597783933734,1129.3371489895694,2.737593976568773,97.77240957190338,119.2553333696512,87.42914975757209,0
75.77937799914463,5.870546676670422,1381.520085174376,1.2517476348467662,62.34805834959462,105.18734381036812,89.0617252344385,0
63.963331604426436,5.491978248566987,1574.6649402976032,1.263826289298013,92.98226726763033,96.64643785624631,78.58631908709629,1
94.4694419636817,8.301513598506691,1197.8722526552667,4.460056279733274,58.44050028922821,86.6615405398908,86.67049277033871,0
89.3614330256077,8.821863311108679,1512.4921468391099,3.2896449721701395,92.69714410709264,119.44707189134779,85.80633763259094,1
64.36319384211434,6.32523214162502,1533.2803832372954,2.1326081301805284,50.6614406452647,112.83396037052515,91.80914720432526,0
92.22946589160803,5.104724805154564,1130.1597950468527,4.069851531626163,75.58902282847403,91.25909209803677,95.43898735919126,0
90.44637267217449,5.410858337382137,1452.068249962205,2.264290591250556,88.47212897107784,82.80274782884757,80.36343089363807,1
78.15933199941253,9.839300174225151,1617.3015287828862,3.888158771722113,96.73977587463916,82.26502229510233,81.68761758880773,1
80.69464025107253,6.477223887387101,1399.1165316287536,2.796043734913452,95.46010681032436,84.81512598022135,89.9145620206794,0
73.96509463545456,8.846115739190669,1009.682493420886,5.117761133059095,90.98124347738224,103.23074334457687,92.32586729181484,0
61.9166573587711,8.12331784427132,1007.2307752634338,5.103480803833897,94.4095674830652,117.1505368482197,96.29348030362783,0
71.73190345760653,6.909698198264479,1285.6234751760098,3.3867519906120065,59.960984291853826,99.86973712023938,94.50828299817373,0
88.0998707009304,6.028436310977776,1740.9552547454255,2.754095546675078,64.20921478558644,113.71781929824789,86.27392177431572,1
60.1621208051611,5.606932090797033,1182.941423682887,2.8127989827954725,64.44842624605292,97.83546479439231,92.41347880516743,0
71.67247100919005,8.075064840194333,1507.4909510973498,5.02857262834109,68.85269655008494,108.343341830713,87.9291364480088,0
73.93590427568301,8.87316890318894,1177.6606965546564,2.64089741398806,69.66603351925943,109.27490949146004,93.84218996688985,0
78.8088461028273,8.219521267705654,1257.3359917276389,2.04529686853423,77.22776623273377,86.95854823613355,91.53023614584333,0
92.19494657444662,7.651510666245791,1678.4336716811872,1.4234417093765341,57.99398816832207,94.44864235903248,86.68656845210404,1
72.12210980280864,5.209756117158181,1583.0891538159576,3.333465604422042,84.56233318929947,105.49208626152095,88.16934713753564,1
72.14336206636797,9.84244388797192,1076.3194218505685,3.4106604945992096,58.37832696522533,82.82786432737464,97.20268666252448,0
85.8125436838412,8.993570958272873,1342.9616167891468,5.204543552014536,65.51542410522738,94.46160751051826,91.59015752103261,0
75.82762793114325,6.464110183504824,1023.3358109162116,2.10619348223032,75.1672565303077,101.3919786512477,98.65337675051227,0
67.86116880289937,9.899851646794254,1384.7121172824072,2.9049563683419994,89.82202807617386,119.84897972178555,90.0728262485952,0
75.83538306464428,8.009407948181611,1529.9472093608545,5.0420286944684545,86.97346166193637,98.98134250489763,87.7784510245253,1
64.929995713293,7.912113291036232,1094.8020988785213,5.118118053744867,82.27671782052612,112.64227028457294,93.76668798374719,0
66.17354452771781,8.740365897147662,1231.1079511273326,2.923055379893841,57.78866302900851,97.28269140266471,94.32323721035867,0
77.44287204588178,9.058848940450687,1318.2693004017256,3.2956201164334047,77.35226728077889,111.85562890478835,91.3714397360878,0
74.66239073265918,8.282393036657513,1735.6248197248397,2.5164294542464147,54.37232508999427,103.81659206480434,84.88283770562344,1
92.01960653738351,5.640478731831,1794.6040123383714,5.66277439209656,68.86815883983255,115.46381766009594,82.7779716311838,1
72.68378646908216,6.6913375299724915,1035.9290391964928,1.5932188287079017,70.67582651449796,96.4377020940044,100.97302306857364,0
80.32059225973151,9.640418201630249,1608.8063387963136,5.66874711500735,51.99057197228769,104.17217679285915,87.06432356349684,0
82.12925007718357,6.12307805921926,1297.3792531218746,4.419332259176716,63.69940497349859,105.20074722475309,90.1018925560054,0
60.458305980591675,6.860835119187566,1313.966548983584,3.657860763433656,97.78247336332447,96.69531767201893,95.13110581897419,0
83.22380802058487,7.16038441472098,1603.4119786776182,1.1632953039224794,97.68163039148448,85.77248174749926,84.98537374745926,1
66.2312588404413,7.1970249484722615,1734.741145716327,3.3779809591100416,67.61635271262696,83.74237627649342,88.2399655356778,0
93.63746111143092,8.064697912472628,1760.7428756020386,3.0387405250136617,52.1550054474162,80.66686202398532,91.40680733190914,0
65.20319547135895,9.715379188723539,1461.6980688306567,1.8060940598756128,58.954746966409076,114.94137056980858,91.15188963430398,0
74.51184433044583,6.203463559162525,1285.6969274404023,4.282048017503285,69.610889671677,89.45899648954779,89.46750876337325,0
62.98723838275254,5.60750688150459,1630.0392686870234,5.855754536841429,97.38898489846149,88.46026997127072,87.96540951005433,0
94.89059881460815,5.987352449299687,1200.8011066098402,3.8109440553226257,57.059953176859246,109.44141601704263,89.47021548753239,0
77.57682536159349,9.434624501046347,1451.2592230668142,4.573766382219729,88.1757921834106,92.80064452349566,82.930497390501,1
80.83847560620154,8.229054063276031,1286.8627692198986,1.342252262830084,55.4341269687346,100.24178769647347,91.73040290078038,0
62.34767670859496,6.4295339461958,1525.3048589663008,3.0883349790849737,99.06287886956383,86.50044261189825,83.15809550318824,1
86.24861646397122,9.079734694843086,1192.3191303148055,1.5817924258224794,69.08082495545675,118.38982885847878,89.2621612235351,0
67.3466957583455,9.30684998181718,1153.2743565878607,4.063979177682552,88.7617269449528,114.06325600068949,93.36260226503379,0
91.43190013042498,9.23257169345139,1734.5912693403498,5.692410791070773,67.12955414055659,114.55158491860013,85.24887798299228,1
67.17988741687026,9.594632668197772,1081.4429463596296,4.308888662358193,81.38344385794043,96.27094994288021,98.23574195499832,0
66.67407022322833,6.261205100866808,1404.7663261879452,1.3840152415721076,59.60080423700184,110.49444854828691,97.17687938418271,0
61.279238374683324,8.775209643731392,1176.682226370407,2.7733310249254144,57.30105096484813,85.75504621559121,91.34709304145815,0
76.52234307884997,7.3026974863707,1031.143970660534,3.7533168972042574,96.90320697840656,80.3447601036712,90.89069236016067,0
79.76943966419157,9.209992764450307,1028.815054633141,3.016038780666261,95.88236389522167,80.79891730312113,94.05998801642684,0
62.299802379992336,8.642453385808066,1140.1774176846618,5.168220052375862,94.37344701064413,103.46406949618242,90.44714397359719,0
87.14346658432537,8.882237232498623,1693.4162836048004,5.073355023549946,81.27167250832967,98.21579620991763,88.00547646484418,1
75.86510921618097,8.280809188405357,1225.9829951816214,4.059155100516107,90.41341056081392,100.7206139563408,88.86960067670137,0
78.3536594264653,5.8871438473485345,1760.3673364602366,2.867289725663526,53.451846845568745,80.29852561668878,80.3378234772315,1
75.42669614283798,7.725134594484691,1465.2978343913549,2.2766818688162207,66.73945209453396,96.90746478629703,95.94213258358009,0
74.02670713063641,9.92334869762254,1349.2913518150128,1.5293715910656465,65.68515623785781,108.72272644803444,89.8855953559163,0
79.58741159578763,9.686940332485594,1464.0710677355637,2.77448841743277,81.78226609763067,97.70774807869743,87.35776320013748,0
65.43340860757493,5.215868678985059,1413.3587081810142,3.0658625860385977,67.79788867353203,109.2887682524889,87.3508741652443,0
66.36748456733449,5.824074078647186,1607.0210030058602,4.3791146255203675,57.42533908218404,89.32075857587338,91.08636192862187,0
90.1624967354731,5.65864386727281,1225.996852778282,4.290799121487868,79.82335377067719,112.52568017926902,88.85876868249584,0
93.11404117467714,8.629899549926478,1282.440313280242,1.3505406982062849,90.71919603345407,103.53724961813809,90.07493765140774,0
73.06582606979136,9.088926649284726,1715.2754420266006,2.976296577155789,69.10617472299866,88.43052397719624,87.90963416968857,1
69.47606356002439,6.067556831553359,1757.1652105203243,1.9088943360868096,56.61343575492408,89.46881903415331,85.768260646648,1
82.53998401336555,7.529263464759145,1714.0465819891797,1.7840635265840286,59.83440986564115,105.12121858278148,85.40517549141859,1
74.30569598843337,9.203515140056,1335.558395165851,5.13651074868623,61.8741652584692,113.19758372849773,87.35254556186769,0
60.88852244811207,8.664007723831253,1624.2924024055053,1.2095760835812877,64.99487964972681,96.6251112811662,89.57589241824503,0
65.46534090781667,7.711186027459242,1381.068586640879,3.0959143795106066,82.13975352531546,90.3320171651037,91.31773770980482,0
85.05902800965892,7.951738452293864,1398.0318817168818,1.8410182788325908,80.04727422688595,114.68046427642402,85.90303236598486,0
83.0623379668553,7.5418027345814,1163.7440872458271,5.39665107839237,84.80399307835197,106.7707316700334,91.83392914380696,0
60.94835973762192,6.487742256594103,1472.904242606813,3.7852025663751756,68.12509922657566,97.92341949132306,90.15961572139449,0
67.76902566765322,7.8251099642950805,1148.9087182026783,2.15690318188424,91.19988259399892,99.51600781117207,91.46663729933087,0
68.0876178805825,8.444426510250453,1265.2517592537552,3.512136435831882,60.204383057788014,88.17025871745585,88.79196145791808,0
83.5162460259555,9.366614579304038,1684.024161295948,4.657431798515579,73.4520373759077,105.07210520259376,88.82558426600418,1
60.68986882140275,8.18145676989624,1165.6606473686843,5.7905900445971685,90.0469360770715,94.34970042171554,94.77155761315079,0
63.64380036946008,8.80560768521579,1056.9266281387463,2.102230021227095,59.00793238663096,119.82580706697397,102.29927907470469,0
87.99706298806163,5.800358174772865,1055.206074090253,5.430908860646726,55.49315568703915,99.20734061047551,97.85916718982706,0
66.24906317190168,7.307787372098949,1752.6276164024862,5.671520570837451,94.18419838439948,99.43542424758454,88.25151172006916,1
82.84611377481562,5.046658099135467,1405.5363503694678,5.5821027226603315,67.14648313795979,102.63407149642688,85.83700004931612,0
68.33639733663543,6.233394322608115,1327.5296574536146,4.177071784309549,84.1935062454516,116.67024012474987,90.33221499977452,0
63.48044874657708,8.632308575565023,1648.7028648063347,4.149103272173539,51.267430213196924,112.03272399439001,84.23518064597297,0
68.51102668498089,9.959049756746818,1668.6607423284127,3.016053165919114,84.50234442047248,98.04520279191365,89.24261971119722,0
85.27934261494806,5.495890497936079,1265.7528264924836,4.76198941151894,65.80506557734853,108.74797063891184,94.3650800684291,0
89.94937638372,7.007471579306442,1554.8944459790362,3.6564700917546595,52.787042679372085,103.44941995123047,87.32734281499782,0
89.0576952598447,9.000354843495797,1616.8982526815093,4.387190356141472,80.49063807740585,99.69468194804996,80.10673845254018,1
73.90142353664592,6.020178173144494,1523.7205494927637,3.1422895192439775,62.04019080365866,87.69263091137402,85.39820814314405,0
83.38297977997262,7.7754247465114315,1121.2760598400796,4.657482320215696,69.340362102594,98.55745053819564,93.64730939635237,0
67.17445033955373,8.665356480148374,1700.7064668136456,5.122357588022745,54.02904061432568,89.83274348090299,87.83928245777942,1
70.26017055913546,8.079927251300894,1431.275642188807,1.7321812830140806,57.35816255474727,116.59368599406619,91.9387059801393,0
91.37175364823919,5.940123673077081,1225.977941096003,5.16464857787114,64.89886177479218,93.41627253985388,92.03920155348858,0
60.45506732287576,6.7769228434286966,1340.1825483501552,3.7014826589515364,54.48797502800786,118.0905605813349,91.56747423693038,0
62.992798579906385,8.918958922426986,1030.056872319126,5.223329545451121,95.54131323431577,101.32221160378845,92.95215643619844,0
67.27601893011095,7.771132570660083,1102.293440977934,3.156508531705073,50.30235215919892,105.26177514704642,95.6912125688181,0
60.92862713558369,5.026148067714564,1612.4374004126887,2.895202426915175,74.19301094321557,101.71761777957312,85.82936542620268,0
66.35024022814291,8.804953800140469,1000.0093078042929,5.575303662586112,56.162372906627574,85.17522467866803,97.11723957033186,0
80.40645463393923,5.176556774701195,1333.2526627858338,2.2558463377420064,65.38395447389743,95.03284876031763,89.65040896018404,0
74.74985927073743,8.728668913656161,1418.0081448684707,5.221061626430716,96.30297799091328,83.96584449110496,83.79690344108384,1
91.24350988769412,6.012402800826187,1043.7075360007777,3.4201028625470205,58.08472766369934,104.91816176733528,95.08722400324939,0
88.61052466084543,9.790367400596901,1778.4625303778662,3.5704772127562987,98.29161598591662,97.87496780801756,81.07820873408072,1
71.96360730942565,6.839703756510422,1180.9002649997376,2.54234140744742,60.289718849471086,111.11939886283747,94.25267077626096,0
69.07982017009523,6.634658081690396,1243.3589757090247,3.8652110030950784,87.07830542334148,88.8188192399748,87.74464173813868,0
73.28923428585435,5.7444402516622235,1243.1540098040218,2.6260559813810564,77.33386324486558,86.5826423371734,97.2187888905476,0
80.66032298801827,6.528021077451074,1184.33332969388,1.1963470712082616,94.22393637983797,96.2532892385507,95.90482915597889,0
69.38222742880066,9.383253809141003,1001.1790576690491,2.35999302672178,77.69966277515655,117.06341532873525,91.99983136269803,0
81.84521177471969,9.981671688136236,1583.475835270397,1.0318952170329534,76.72796095781544,108.41687260049648,83.51354901509883,1
74.32940782669341,6.841547652534242,1773.4763998394283,5.8917739352842835,59.772900018419996,96.75694499171675,91.88742582074423,0
79.3216513298193,7.243053154772713,1179.4347866280361,5.828736049098738,58.311468102582936,100.69088679017241,95.83228358313485,0
75.26442851973609,8.610354691013686,1530.437753442738,2.975776487361525,95.82445755577571,83.36852044708394,81.19829409586094,1
70.30630158396711,9.430978902325371,1593.5170615669722,4.6418542716982305,66.39190994250171,119.38303585504453,86.64872929511945,1
93.19586574367548,7.9652216709339205,1678.7403032724196,2.729030492052125,68.6041127481448,106.65629218779677,83.74770051495244,1
86.72620279559163,6.957628490889147,1338.1033576108873,4.35546578542988,87.99118292141942,91.4161627385369,89.64991195981248,0
64.90396115182584,7.063109204243119,1242.3447245123434,5.027150215229895,66.94117412114036,103.43233576860978,92.14591229339086,0
90.39637915642695,8.478090732484034,1260.2361072184249,5.733781223461204,97.60312233195015,84.37929464275976,87.15950205183353,0
77.06009193873298,5.0160913180213935,1570.0970664788101,3.00106137924836,86.89638844994002,118.63346675230335,84.99035249649356,1
91.3093279412932,8.097946687299203,1653.4235732045088,4.916489914780239,79.871462128671,86.99139951533463,84.80713846499614,1
87.99493395815603,6.777465052206787,1145.291174205282,2.329642253160594,94.04475802723763,105.92121272220857,96.98582709500216,0
74.88247265642318,8.97098665638542,1296.7528065262122,5.951661518968241,52.48029541747414,89.81817850155721,87.71560740383624,0
60.78642579120411,5.46495319911566,1721.55215739932,1.1288479938217557,62.85313460946044,108.70245530594143,90.87716806145603,0
69.40370757847312,7.941011334741953,1645.3548157557914,4.017644032505604,73.25181671104549,111.07285468961123,83.416343220342,1
78.95719751313034,7.404864449430619,1787.8867222099807,4.297529908256635,61.34892697357605,106.93678915645731,86.54780362275963,1
82.17173769391516,8.211627629526138,1603.3986077456645,4.440227785370644,87.1952593651076,104.5799784102077,86.76573702834422,1
69.02606899016209,5.324267972414842,1314.556160822338,1.6019378939454452,95.96040155268625,115.69876375808047,91.13458053829422,0
64.87746259254885,7.899918937140656,1472.5102671957102,5.692648917365652,71.18850599654617,83.14506843959032,90.64060259441409,0
89.22255828797547,7.807422939797618,1528.8114033978563,1.9059163952504141,67.10663000559475,93.2365906312078,85.63543400198641,0
94.45407632462432,7.8033004720808545,1062.7646530536992,4.113767016199205,98.07753660687831,89.93149918523383,91.16591031956499,0
78.39915638059401,8.017438332982273,1435.597567283092,2.1133803956154247,72.24262164137704,119.52055848261686,90.67130153979906,0
66.00877500469062,8.382339686131811,1567.4566627780878,2.5360820851063544,74.45242002246417,95.57559118667494,84.17751287097899,1
69.53075642817791,9.02494499840385,1133.8570432008482,3.732292708640622,67.58249361709527,109.30450796961594,92.6284288088192,0
60.64367367916134,6.3491036006410715,1624.5053739404457,3.0859670928228824,95.47742365060691,107.38900655524019,90.12692998751618,0
92.00045822961746,9.12524705090031,1467.0182244112893,1.8011280048825316,78.44777416409254,88.48324949909511,86.58356260636889,1
64.12128790115494,7.491278411317268,1761.7774285580758,1.8546820121042416,88.10872935908223,89.55990720846205,79.9587537656311,1
80.17807664299887,5.385291395671656,1033.9378385655134,3.0907239408139984,90.59033591754431,91.25138254212136,92.6438749244627,0
69.59193272405221,5.292754646219896,1212.2609100443735,4.786414891377504,67.09245209586291,96.44509113037518,95.42823568228661,0
79.39623008805276,6.671191593480303,1481.2431034398592,5.489823234238942,71.684716566019,89.37300262602108,82.66864639591331,1
82.79971359231524,8.924484885557337,1237.2479297647446,1.4206383112969143,92.42358872031323,80.7860593098739,95.3708204908971,0
89.04096312975206,8.538404673704578,1571.5393312569938,2.965519537797005,68.16276758379051,115.17572227228783,88.501594980072,1
67.22474451162111,8.943074823362032,1607.204226017545,1.501227818614383,89.69675667259256,118.62439325523536,86.13974385988905,1
60.38485400304682,7.586345282208047,1082.0127712531796,1.0829624031629894,97.04961612872185,93.66281548126273,89.9144233983247,0
64.79099705240826,7.200994989777453,1411.0835713654142,4.308593413219783,81.16051865340035,93.54027517701891,87.51538932924085,0
91.50065246468368,5.73726263353142,1407.1124444728448,4.012247209832939,87.08136437259444,80.28367251097484,87.65705368121657,0
90.58615271468804,6.640963768046557,1295.424616172433,1.815095569074431,90.25486560205675,107.21002753321497,91.0762833717841,0
80.9094585759608,7.170096830869376,1746.3398900557377,2.1690641654653207,92.25198244483212,113.01759582994515,84.52219110196496,1
81.01809011517787,5.443002148398087,1662.005055898577,1.1185387682225918,69.7526668928398,85.86433201440013,90.2929670600233,0
83.27628360911893,6.103059763556056,1557.7675055277095,5.174736028472019,52.56317295879991,86.38665397468603,88.1712417533359,0
66.13799475182074,7.991126470318694,1571.461308587998,5.8734529802427575,70.09381356183698,111.6033299988575,88.55178899554105,0
92.0044181073736,8.678315571195949,1369.3729150504953,1.6772976839734541,83.68781148920449,104.65162993416578,92.24778360293168,0
74.65696837122256,9.991737556964749,1736.7956168772607,2.1573760688264905,72.51751928903964,81.79442230510868,81.57875732208565,1
73.40984848873241,9.66556665671779,1555.6763418026283,5.34204761973467,87.44815754301993,104.90187961849126,84.93980094017502,1
78.16211968489931,8.212825997675957,1583.184849324653,5.6323189897809245,67.8491214734332,92.35670891375064,85.74898987978892,0
61.643808837126926,7.10624026647036,1689.3527230298762,3.098136914034052,81.73720705520148,94.74900621883384,84.8282585118722,1
65.81991790646278,8.180886823541163,1219.2572714737528,1.2531123613453707,59.32099024269873,110.78925673187521,95.73179201793258,0
85.83117657492296,8.92825809040116,1645.6567230933624,1.196959168464097,87.46847183224784,112.43740770690442,87.10299782802394,0
62.89795337737942,5.591680954616937,1156.1924823651937,3.8697493303450523,77.28479844065129,96.01426507359322,92.94144938295861,0
81.11032383132358,7.049524448481441,1276.2735617959102,2.9644755444658952,60.203219427330026,117.8861174402542,95.70590219301279,0
68.58721883884624,9.199011428178085,1268.4883634158741,1.1432621378882726,64.59555867489036,96.2585087180829,91.14623831471935,0
73.62534649146917,6.91916475966522,1782.8203747113125,3.9162619615627836,87.43043542909162,110.87344140920439,79.87195696259393,1
70.1042807869745,7.859361356135933,1685.2297789983413,1.0565126829451124,74.13006178307603,99.35509058257037,89.37592027778912,0
72.44854507627322,7.938846804310991,1560.9358892722078,4.9368597907463645,60.80157201965361,115.90129306088336,91.94501629645887,0
85.1666066814486,5.9223812656681964,1581.6454092923123,2.532164113516858,98.36355951851488,116.31044974600715,82.99458603831546,1
70.39926004681112,6.811177208261442,1449.6582355220569,1.2012900150461605,85.75625099084439,83.49667231484335,86.35591083730404,0
79.82416241039141,6.672556443709661,1757.6725336868153,3.9417611049157664,97.85674162698982,117.45973325240902,84.70030856753219,1
76.6617640769685,5.130983542660324,1397.0070023058893,2.9884220721652737,71.35525226801715,113.02139366081663,90.56775453519967,0
83.22849078769269,5.120958819456776,1304.4141678959156,5.869002066785748,73.75501703458602,111.65242857250668,85.81058369301192,0
92.78904087636653,9.158485218378868,1130.4282695452728,3.720993312518511,94.89776080925097,88.0364535874209,89.36062097691394,0
85.64002340235876,6.365354049864062,1628.9645218088463,2.3761959051850416,76.25246701226924,112.2047683501866,86.26521183454344,1
67.52291325067648,7.590393831194078,1587.555145660473,4.547194323169874,85.36394559528335,114.00530938740147,88.12848426960008,0
61.09140972714496,6.493627867943865,1307.484030819308,2.3574600127135565,62.6086438747765,91.56601337816603,90.68266265051349,0
69.17924155049388,9.703396225576704,1020.1547311673835,5.521216457037825,72.33632343513203,118.09040313449296,94.70051097170366,0
80.82772757450891,6.296483794328869,1671.1978621744086,2.873609852536882,56.17249329051776,81.99440585596658,91.66825851061428,0
61.79990347194876,7.148284063694676,1009.1343867632589,3.749342813881026,60.299001793848085,85.99637012988559,93.21306080102651,0
77.37281865204326,9.36365125242301,1562.9598237032408,1.2528655191211442,50.04717076338155,101.50324552206058,91.66828572164037,0
80.88949971209112,9.209667833959044,1776.2056877808457,3.1306061897611537,51.963252582433014,103.03169884489239,90.5161433216669,0
71.69853617859363,5.930507089231386,1350.1290625185627,5.161817698304975,98.86419115884647,105.80600333203614,89.65056507614682,1
86.98192713110376,9.013216548978551,1187.9787239967623,5.02824402681671,62.117684756838116,80.67876517261865,92.45560662244505,0
63.73093885968201,7.290934433689463,1563.8968080347054,2.1215927942676314,83.1655354752001,118.41467098488522,83.08313916158689,0
62.62982236075331,7.414844360426776,1653.702513612468,2.1303953550528134,91.95498493998058,81.78352370936577,87.57283205652172,1
85.48660646712611,5.667399862079719,1437.1442528622779,5.086526561066184,77.53302296182821,85.7224781089361,89.31410835563518,0
77.34219606721695,5.403007568785624,1773.628220204917,5.651992100846628,57.65722500419781,80.56058070104228,85.36795091499621,1
84.09408387497076,8.639696534868825,1041.334977326369,1.4768046063650178,86.40582186680831,102.67433733176378,96.59213835972398,0
75.21895685113111,7.482305761776499,1403.8364786436225,3.250293197131126,80.01257050497915,117.29067535683889,94.93454726451867,0
68.62407116336874,7.184253513075898,1574.76315785804,2.6872713948211446,86.56252946736876,106.63788664321856,88.9157929154478,0
88.66858111859699,8.647541143261984,1690.1123769193432,5.353442277287197,88.48733114285436,112.90629873921709,81.60687741694862,1
87.97955576391428,8.82756449495555,1143.404489526232,1.4176245734000938,98.77051838423725,80.5312481383432,93.66134863233945,0
84.31437647990494,5.794540838346768,1640.002785410945,2.055629712790187,78.6781640013355,101.68061193918905,82.17275510845862,0
69.5250798030487,8.051125747388205,1442.1656605748362,4.762341687932471,67.0820556345301,98.38251910022088,89.59327554527279,0
80.65807334041804,5.676770411388428,1317.2429455919705,1.256469244906078,82.42322784501185,99.95871776883172,95.78734369975675,0
72.63408639290094,8.756875430145229,1105.3720228632749,3.462676903571446,53.422035462131305,82.88852741340752,98.77449989468026,0
63.205372566432196,8.284775781335698,1692.23660712713,3.2105351733986,94.8698659160793,107.3774144427723,84.55712892224096,1
92.1059751411785,9.78307310541729,1125.8185665437722,2.6720058949437435,55.96905056690984,100.12881659434538,92.06753839302561,0
64.78865208216365,5.344790081782106,1247.8302873672794,2.972861576594619,66.39214189429092,110.60595399445056,97.43037305934196,0
93.2583073837281,5.285273605756272,1232.0364255699494,3.649702934651165,90.78726903130604,99.41162536246861,93.79027744868343,0
75.61020205352845,6.410935373466001,1697.1312273526835,1.8068367919419157,79.8656189165356,85.97526544905729,83.68020584626379,1
